stratum,va_type,age_group,sex,level,experiment,n_reference,n_predicted,n_causes_union,sum_abs_csmf_error,csmf_similarity,csmf_accuracy_chance_corrected
va_type_age_sex,adult,15-24,female,level1,EXP1,87,87,3,0.06896551724137923,0.9655172413793104,0.9508196721311476
va_type_age_sex,adult,15-24,female,level1,EXP2,87,87,4,0.06896551724137925,0.9655172413793104,0.9655172413793104
va_type_age_sex,adult,15-24,female,level1,EXP3,87,77,4,0.06060606060606066,0.9696969696969697,0.9696969696969697
va_type_age_sex,adult,15-24,female,level1,EXP4,87,87,4,0.09195402298850573,0.9540229885057472,0.9540229885057472
va_type_age_sex,adult,15-24,female,level2,EXP1,87,87,19,0.32183908045977017,0.8390804597701149,0.8390804597701149
va_type_age_sex,adult,15-24,female,level2,EXP2,87,87,21,0.39080459770114945,0.8045977011494253,0.8045977011494253
va_type_age_sex,adult,15-24,female,level2,EXP3,87,77,19,0.25138080310494104,0.8743095984475295,0.8743095984475295
va_type_age_sex,adult,15-24,female,level2,EXP4,87,87,20,0.48275862068965525,0.7586206896551724,0.7586206896551724
va_type_age_sex,adult,15-24,female,level3,EXP1,87,87,35,0.689655172413793,0.6551724137931034,0.6551724137931034
va_type_age_sex,adult,15-24,female,level3,EXP2,87,87,37,0.6666666666666665,0.6666666666666667,0.6666666666666667
va_type_age_sex,adult,15-24,female,level3,EXP3,87,77,35,0.6281534557396626,0.6859232721301687,0.6859232721301687
va_type_age_sex,adult,15-24,female,level3,EXP4,87,87,38,0.7126436781609196,0.6436781609195402,0.6436781609195402
va_type_age_sex,adult,15-24,male,level1,EXP1,83,83,4,0.09638554216867473,0.9518072289156626,0.948051948051948
va_type_age_sex,adult,15-24,male,level1,EXP2,83,83,4,0.09638554216867473,0.9518072289156626,0.948051948051948
va_type_age_sex,adult,15-24,male,level1,EXP3,83,82,5,0.13282397884219801,0.933588010578901,0.933588010578901
va_type_age_sex,adult,15-24,male,level1,EXP4,83,83,4,0.19277108433734935,0.9036144578313253,0.8961038961038961
va_type_age_sex,adult,15-24,male,level2,EXP1,83,83,25,0.4578313253012048,0.7710843373493976,0.7710843373493976
va_type_age_sex,adult,15-24,male,level2,EXP2,83,83,25,0.48192771084337344,0.7590361445783133,0.7590361445783133
va_type_age_sex,adult,15-24,male,level2,EXP3,83,82,28,0.6203349985307082,0.689832500734646,0.689832500734646
va_type_age_sex,adult,15-24,male,level2,EXP4,83,83,24,0.45783132530120474,0.7710843373493976,0.7710843373493976
va_type_age_sex,adult,15-24,male,level3,EXP1,83,83,43,0.746987951807229,0.6265060240963856,0.6265060240963856
va_type_age_sex,adult,15-24,male,level3,EXP2,83,83,41,0.674698795180723,0.6626506024096386,0.6626506024096386
va_type_age_sex,adult,15-24,male,level3,EXP3,83,82,48,1.0061710255656773,0.49691448721716136,0.49691448721716136
va_type_age_sex,adult,15-24,male,level3,EXP4,83,83,43,0.6987951807228916,0.6506024096385542,0.6506024096385542
va_type_age_sex,adult,25-44,female,level1,EXP1,410,410,4,0.048780487804878064,0.975609756097561,0.975609756097561
va_type_age_sex,adult,25-44,female,level1,EXP2,410,410,4,0.10731707317073175,0.9463414634146341,0.9463414634146341
va_type_age_sex,adult,25-44,female,level1,EXP3,410,379,4,0.18526288692966084,0.9073685565351696,0.9073685565351696
va_type_age_sex,adult,25-44,female,level1,EXP4,410,410,4,0.15121951219512197,0.924390243902439,0.924390243902439
va_type_age_sex,adult,25-44,female,level2,EXP1,410,410,27,0.2292682926829269,0.8853658536585366,0.8853658536585366
va_type_age_sex,adult,25-44,female,level2,EXP2,410,410,26,0.3317073170731708,0.8341463414634146,0.8341463414634146
va_type_age_sex,adult,25-44,female,level2,EXP3,410,379,26,0.39895746187013326,0.8005212690649334,0.8005212690649334
va_type_age_sex,adult,25-44,female,level2,EXP4,410,410,27,0.3170731707317074,0.8414634146341463,0.8414634146341463
va_type_age_sex,adult,25-44,female,level3,EXP1,410,410,52,0.4536585365853659,0.7731707317073171,0.7731707317073171
va_type_age_sex,adult,25-44,female,level3,EXP2,410,410,52,0.4975609756097561,0.751219512195122,0.751219512195122
va_type_age_sex,adult,25-44,female,level3,EXP3,410,379,55,0.7105733959714268,0.6447133020142866,0.6447133020142866
va_type_age_sex,adult,25-44,female,level3,EXP4,410,410,51,0.5121951219512195,0.7439024390243902,0.7439024390243902
va_type_age_sex,adult,25-44,male,level1,EXP1,359,359,5,0.050139275766016664,0.9749303621169917,0.9749303621169917
va_type_age_sex,adult,25-44,male,level1,EXP2,359,357,5,0.06394981390885043,0.9680250930455748,0.9680250930455748
va_type_age_sex,adult,25-44,male,level1,EXP3,359,344,6,0.1941115501716655,0.9029442249141673,0.9029442249141673
va_type_age_sex,adult,25-44,male,level1,EXP4,359,358,5,0.11009788207466424,0.9449510589626678,0.9449510589626678
va_type_age_sex,adult,25-44,male,level2,EXP1,359,359,31,0.3008356545961004,0.8495821727019498,0.8495821727019498
va_type_age_sex,adult,25-44,male,level2,EXP2,359,357,32,0.3662055351388467,0.8168972324305767,0.8168972324305767
va_type_age_sex,adult,25-44,male,level2,EXP3,359,344,35,0.5083079613914621,0.745846019304269,0.745846019304269
va_type_age_sex,adult,25-44,male,level2,EXP4,359,358,31,0.3585067148036913,0.8207466425981543,0.8207466425981543
va_type_age_sex,adult,25-44,male,level3,EXP1,359,359,56,0.4846796657381615,0.7576601671309192,0.7576601671309192
va_type_age_sex,adult,25-44,male,level3,EXP2,359,357,56,0.49518191677785306,0.7524090416110735,0.7524090416110735
va_type_age_sex,adult,25-44,male,level3,EXP3,359,344,65,0.712751830018786,0.643624084990607,0.643624084990607
va_type_age_sex,adult,25-44,male,level3,EXP4,359,358,57,0.4868427195343987,0.7565786402328006,0.7565786402328006
va_type_age_sex,adult,45-64,female,level1,EXP1,318,318,4,0.0880503144654088,0.9559748427672956,0.9559748427672956
va_type_age_sex,adult,45-64,female,level1,EXP2,318,318,4,0.09433962264150943,0.9528301886792453,0.9528301886792453
va_type_age_sex,adult,45-64,female,level1,EXP3,318,302,4,0.19988337706693324,0.9000583114665334,0.9000583114665334
va_type_age_sex,adult,45-64,female,level1,EXP4,318,317,4,0.1676289109775211,0.9161855445112395,0.9161855445112395
va_type_age_sex,adult,45-64,female,level2,EXP1,318,318,25,0.3144654088050314,0.8427672955974843,0.8427672955974843
va_type_age_sex,adult,45-64,female,level2,EXP2,318,318,24,0.3584905660377359,0.820754716981132,0.820754716981132
va_type_age_sex,adult,45-64,female,level2,EXP3,318,302,25,0.4161356158107377,0.7919321920946312,0.7919321920946312
va_type_age_sex,adult,45-64,female,level2,EXP4,318,317,24,0.3292661151121957,0.8353669424439021,0.8353669424439021
va_type_age_sex,adult,45-64,female,level3,EXP1,318,318,56,0.6226415094339622,0.6886792452830188,0.6886792452830188
va_type_age_sex,adult,45-64,female,level3,EXP2,318,318,50,0.6415094339622642,0.6792452830188679,0.6792452830188679
va_type_age_sex,adult,45-64,female,level3,EXP3,318,302,56,0.7425548752551128,0.6287225623724436,0.6287225623724436
va_type_age_sex,adult,45-64,female,level3,EXP4,318,317,51,0.613376187925322,0.6933119060373389,0.6933119060373389
va_type_age_sex,adult,45-64,male,level1,EXP1,264,264,4,0.022727272727272763,0.9886363636363636,0.9885931558935361
va_type_age_sex,adult,45-64,male,level1,EXP2,264,263,5,0.10289203825325494,0.9485539808733725,0.9485539808733725
va_type_age_sex,adult,45-64,male,level1,EXP3,264,245,4,0.07813852813852812,0.960930735930736,0.9607821835958719
va_type_age_sex,adult,45-64,male,level1,EXP4,264,264,5,0.15909090909090917,0.9204545454545454,0.9204545454545454
va_type_age_sex,adult,45-64,male,level2,EXP1,264,264,23,0.26515151515151514,0.8674242424242424,0.8674242424242424
va_type_age_sex,adult,45-64,male,level2,EXP2,264,263,26,0.3897626454660675,0.8051186772669663,0.8051186772669663
va_type_age_sex,adult,45-64,male,level2,EXP3,264,245,24,0.3340754483611626,0.8329622758194187,0.8329622758194187
va_type_age_sex,adult,45-64,male,level2,EXP4,264,264,25,0.34090909090909094,0.8295454545454546,0.8295454545454546
va_type_age_sex,adult,45-64,male,level3,EXP1,264,264,51,0.5454545454545454,0.7272727272727273,0.7272727272727273
va_type_age_sex,adult,45-64,male,level3,EXP2,264,263,53,0.6634116833736605,0.6682941583131697,0.6682941583131697
va_type_age_sex,adult,45-64,male,level3,EXP3,264,245,51,0.7290661719233147,0.6354669140383427,0.6354669140383427
va_type_age_sex,adult,45-64,male,level3,EXP4,264,264,54,0.5833333333333333,0.7083333333333334,0.7083333333333334
va_type_age_sex,adult,65+,female,level1,EXP1,413,413,4,0.043583535108958925,0.9782082324455206,0.9782082324455206
va_type_age_sex,adult,65+,female,level1,EXP2,413,413,4,0.2615012106537531,0.8692493946731235,0.8692493946731235
va_type_age_sex,adult,65+,female,level1,EXP3,413,381,4,0.041664283489987526,0.9791678582550062,0.9791678582550062
va_type_age_sex,adult,65+,female,level1,EXP4,413,413,4,0.34866828087167073,0.8256658595641646,0.8256658595641646
va_type_age_sex,adult,65+,female,level2,EXP1,413,413,25,0.15496368038740926,0.9225181598062954,0.9225181598062954
va_type_age_sex,adult,65+,female,level2,EXP2,413,413,25,0.3196125907990315,0.8401937046004843,0.8401937046004843
va_type_age_sex,adult,65+,female,level2,EXP3,413,381,27,0.18240516545601293,0.9087974172719935,0.9087974172719935
va_type_age_sex,adult,65+,female,level2,EXP4,413,413,24,0.4019370460048426,0.7990314769975787,0.7990314769975787
va_type_age_sex,adult,65+,female,level3,EXP1,413,413,60,0.7167070217917676,0.6416464891041163,0.6416464891041163
va_type_age_sex,adult,65+,female,level3,EXP2,413,413,57,0.6343825665859565,0.6828087167070218,0.6828087167070218
va_type_age_sex,adult,65+,female,level3,EXP3,413,381,61,0.7514823358944537,0.6242588320527731,0.6242588320527731
va_type_age_sex,adult,65+,female,level3,EXP4,413,413,57,0.7118644067796611,0.6440677966101694,0.6440677966101694
va_type_age_sex,adult,65+,male,level1,EXP1,497,497,4,0.08048289738430589,0.959758551307847,0.959758551307847
va_type_age_sex,adult,65+,male,level1,EXP2,497,494,5,0.20926367924144054,0.8953681603792797,0.8953681603792797
va_type_age_sex,adult,65+,male,level1,EXP3,497,459,4,0.06835785957575521,0.9658210702121224,0.9658210702121224
va_type_age_sex,adult,65+,male,level1,EXP4,497,497,4,0.2816901408450705,0.8591549295774648,0.8591549295774648
va_type_age_sex,adult,65+,male,level2,EXP1,497,497,25,0.18913480885311873,0.9054325955734406,0.9054325955734406
va_type_age_sex,adult,65+,male,level2,EXP2,497,494,24,0.31806221947067026,0.8409688902646648,0.8409688902646648
va_type_age_sex,adult,65+,male,level2,EXP3,497,459,25,0.24215883536513197,0.878920582317434,0.878920582317434
va_type_age_sex,adult,65+,male,level2,EXP4,497,497,25,0.39034205231388336,0.8048289738430583,0.8048289738430583
va_type_age_sex,adult,65+,male,level3,EXP1,497,497,58,0.5432595573440644,0.7283702213279678,0.7283702213279678
va_type_age_sex,adult,65+,male,level3,EXP2,497,494,56,0.5309834716802841,0.7345082641598579,0.7345082641598579
va_type_age_sex,adult,65+,male,level3,EXP3,497,459,55,0.5657474257308558,0.717126287134572,0.717126287134572
va_type_age_sex,adult,65+,male,level3,EXP4,497,497,55,0.6478873239436621,0.676056338028169,0.676056338028169
va_type_age_sex,child,0,female,level1,EXP1,75,75,4,0.05333333333333329,0.9733333333333334,0.972972972972973
va_type_age_sex,child,0,female,level1,EXP2,75,74,5,0.2097297297297297,0.8951351351351351,0.8951351351351351
va_type_age_sex,child,0,female,level1,EXP3,75,74,5,0.14126126126126126,0.9293693693693694,0.9293693693693694
va_type_age_sex,child,0,female,level1,EXP4,75,75,5,0.1866666666666667,0.9066666666666666,0.9066666666666666
va_type_age_sex,child,0,female,level2,EXP1,75,75,16,0.2933333333333333,0.8533333333333334,0.8533333333333334
va_type_age_sex,child,0,female,level2,EXP2,75,74,17,0.3967567567567567,0.8016216216216216,0.8016216216216216
va_type_age_sex,child,0,female,level2,EXP3,75,74,21,0.4097297297297298,0.7951351351351351,0.7951351351351351
va_type_age_sex,child,0,female,level2,EXP4,75,75,16,0.2933333333333332,0.8533333333333334,0.8533333333333334
va_type_age_sex,child,0,female,level3,EXP1,75,75,25,0.6933333333333334,0.6533333333333333,0.6533333333333333
va_type_age_sex,child,0,female,level3,EXP2,75,74,27,0.606126126126126,0.6969369369369369,0.6969369369369369
va_type_age_sex,child,0,female,level3,EXP3,75,74,30,0.7708108108108106,0.6145945945945948,0.6145945945945948
va_type_age_sex,child,0,female,level3,EXP4,75,75,25,0.5599999999999999,0.72,0.72
va_type_age_sex,child,0,male,level1,EXP1,82,82,4,0.02439024390243892,0.9878048780487806,0.9873417721518988
va_type_age_sex,child,0,male,level1,EXP2,82,82,5,0.21951219512195114,0.8902439024390244,0.8902439024390244
va_type_age_sex,child,0,male,level1,EXP3,82,76,5,0.12451861360718872,0.9377406931964056,0.9377406931964056
va_type_age_sex,child,0,male,level1,EXP4,82,82,5,0.19512195121951212,0.9024390243902439,0.9024390243902439
va_type_age_sex,child,0,male,level2,EXP1,82,82,17,0.3414634146341463,0.8292682926829269,0.8292682926829269
va_type_age_sex,child,0,male,level2,EXP2,82,82,17,0.46341463414634143,0.7682926829268293,0.7682926829268293
va_type_age_sex,child,0,male,level2,EXP3,82,76,21,0.5057766367137355,0.7471116816431322,0.7471116816431322
va_type_age_sex,child,0,male,level2,EXP4,82,82,17,0.4146341463414634,0.7926829268292683,0.7926829268292683
va_type_age_sex,child,0,male,level3,EXP1,82,82,24,0.6829268292682926,0.6585365853658537,0.6585365853658537
va_type_age_sex,child,0,male,level3,EXP2,82,82,24,0.6341463414634146,0.6829268292682926,0.6829268292682926
va_type_age_sex,child,0,male,level3,EXP3,82,76,28,0.7066752246469833,0.6466623876765083,0.6466623876765083
va_type_age_sex,child,0,male,level3,EXP4,82,82,24,0.6341463414634146,0.6829268292682926,0.6829268292682926
va_type_age_sex,child,1-4,female,level1,EXP1,308,308,4,0.08441558441558444,0.9577922077922078,0.9570957095709571
va_type_age_sex,child,1-4,female,level1,EXP2,308,308,5,0.08441558441558447,0.9577922077922078,0.9577922077922078
va_type_age_sex,child,1-4,female,level1,EXP3,308,293,5,0.12417446035193475,0.9379127698240326,0.9379127698240326
va_type_age_sex,child,1-4,female,level1,EXP4,308,308,5,0.08441558441558447,0.9577922077922078,0.9577922077922078
va_type_age_sex,child,1-4,female,level2,EXP1,308,308,27,0.23376623376623376,0.8831168831168831,0.8831168831168831
va_type_age_sex,child,1-4,female,level2,EXP2,308,308,24,0.2727272727272727,0.8636363636363636,0.8636363636363636
va_type_age_sex,child,1-4,female,level2,EXP3,308,293,25,0.25601702052214,0.87199148973893,0.87199148973893
va_type_age_sex,child,1-4,female,level2,EXP4,308,308,25,0.24025974025974023,0.8798701298701299,0.8798701298701299
va_type_age_sex,child,1-4,female,level3,EXP1,308,308,42,0.5194805194805197,0.7402597402597402,0.7402597402597402
va_type_age_sex,child,1-4,female,level3,EXP2,308,308,38,0.5259740259740258,0.7370129870129871,0.7370129870129871
va_type_age_sex,child,1-4,female,level3,EXP3,308,293,41,0.5939453038429148,0.7030273480785426,0.7030273480785426
va_type_age_sex,child,1-4,female,level3,EXP4,308,308,39,0.5129870129870129,0.7435064935064936,0.7435064935064936
va_type_age_sex,child,1-4,male,level1,EXP1,270,270,5,0.11851851851851852,0.9407407407407408,0.9407407407407408
va_type_age_sex,child,1-4,male,level1,EXP2,270,270,5,0.05185185185185187,0.9740740740740741,0.9740740740740741
va_type_age_sex,child,1-4,male,level1,EXP3,270,264,5,0.15033670033670035,0.9248316498316498,0.9248316498316498
va_type_age_sex,child,1-4,male,level1,EXP4,270,270,5,0.04444444444444442,0.9777777777777777,0.9777777777777777
va_type_age_sex,child,1-4,male,level2,EXP1,270,270,23,0.2962962962962963,0.8518518518518519,0.8518518518518519
va_type_age_sex,child,1-4,male,level2,EXP2,270,270,24,0.33333333333333326,0.8333333333333334,0.8333333333333334
va_type_age_sex,child,1-4,male,level2,EXP3,270,264,23,0.31936026936026934,0.8403198653198654,0.8403198653198654
va_type_age_sex,child,1-4,male,level2,EXP4,270,270,23,0.32592592592592595,0.837037037037037,0.837037037037037
va_type_age_sex,child,1-4,male,level3,EXP1,270,270,39,0.7259259259259259,0.6370370370370371,0.6370370370370371
va_type_age_sex,child,1-4,male,level3,EXP2,270,270,39,0.6296296296296297,0.6851851851851851,0.6851851851851851
va_type_age_sex,child,1-4,male,level3,EXP3,270,264,40,0.6611111111111111,0.6694444444444445,0.6694444444444445
va_type_age_sex,child,1-4,male,level3,EXP4,270,270,38,0.6074074074074074,0.6962962962962963,0.6962962962962963
va_type_age_sex,child,10-14,female,level1,EXP1,22,22,3,0.18181818181818182,0.9090909090909091,0.8823529411764706
va_type_age_sex,child,10-14,female,level1,EXP2,22,22,4,0.18181818181818182,0.9090909090909091,0.9090909090909091
va_type_age_sex,child,10-14,female,level1,EXP3,22,21,3,0.14285714285714288,0.9285714285714286,0.907563025210084
va_type_age_sex,child,10-14,female,level1,EXP4,22,22,4,0.18181818181818182,0.9090909090909091,0.9090909090909091
va_type_age_sex,child,10-14,female,level2,EXP1,22,22,14,0.4545454545454546,0.7727272727272727,0.7727272727272727
va_type_age_sex,child,10-14,female,level2,EXP2,22,22,14,0.5454545454545454,0.7272727272727273,0.7272727272727273
va_type_age_sex,child,10-14,female,level2,EXP3,22,21,12,0.35064935064935066,0.8246753246753247,0.8246753246753247
va_type_age_sex,child,10-14,female,level2,EXP4,22,22,15,0.6363636363636364,0.6818181818181819,0.6818181818181819
va_type_age_sex,child,10-14,female,level3,EXP1,22,22,21,0.7272727272727272,0.6363636363636365,0.6363636363636365
va_type_age_sex,child,10-14,female,level3,EXP2,22,22,22,0.7272727272727271,0.6363636363636365,0.6363636363636365
va_type_age_sex,child,10-14,female,level3,EXP3,22,21,20,0.800865800865801,0.5995670995670995,0.5995670995670995
va_type_age_sex,child,10-14,female,level3,EXP4,22,22,22,0.8181818181818181,0.5909090909090909,0.5909090909090909
va_type_age_sex,child,10-14,male,level1,EXP1,12,12,3,0.33333333333333337,0.8333333333333333,0.8
va_type_age_sex,child,10-14,male,level1,EXP2,12,12,3,0.33333333333333337,0.8333333333333333,0.8
va_type_age_sex,child,10-14,male,level1,EXP3,12,10,3,0.13333333333333333,0.9333333333333333,0.92
va_type_age_sex,child,10-14,male,level1,EXP4,12,12,3,0.33333333333333337,0.8333333333333333,0.8
va_type_age_sex,child,10-14,male,level2,EXP1,12,12,7,0.8333333333333335,0.5833333333333333,0.5833333333333333
va_type_age_sex,child,10-14,male,level2,EXP2,12,12,7,0.8333333333333335,0.5833333333333333,0.5833333333333333
va_type_age_sex,child,10-14,male,level2,EXP3,12,10,8,0.9666666666666667,0.5166666666666666,0.5166666666666666
va_type_age_sex,child,10-14,male,level2,EXP4,12,12,6,0.6666666666666667,0.6666666666666666,0.6363636363636362
va_type_age_sex,child,10-14,male,level3,EXP1,12,12,12,1.1666666666666665,0.41666666666666674,0.41666666666666674
va_type_age_sex,child,10-14,male,level3,EXP2,12,12,13,1.0000000000000002,0.4999999999999999,0.4999999999999999
va_type_age_sex,child,10-14,male,level3,EXP3,12,10,14,1.3333333333333335,0.33333333333333326,0.33333333333333326
va_type_age_sex,child,10-14,male,level3,EXP4,12,12,12,0.8333333333333335,0.5833333333333333,0.5833333333333333
va_type_age_sex,child,5-9,female,level1,EXP1,83,83,4,0.09638554216867459,0.9518072289156627,0.9506172839506173
va_type_age_sex,child,5-9,female,level1,EXP2,83,83,5,0.1204819277108434,0.9397590361445783,0.9397590361445783
va_type_age_sex,child,5-9,female,level1,EXP3,83,73,5,0.127743852120812,0.936128073939594,0.936128073939594
va_type_age_sex,child,5-9,female,level1,EXP4,83,83,5,0.12048192771084332,0.9397590361445783,0.9397590361445783
va_type_age_sex,child,5-9,female,level2,EXP1,83,83,22,0.43373493975903615,0.7831325301204819,0.7831325301204819
va_type_age_sex,child,5-9,female,level2,EXP2,83,83,22,0.43373493975903615,0.7831325301204819,0.7831325301204819
va_type_age_sex,child,5-9,female,level2,EXP3,83,73,21,0.44330747648126756,0.7783462617593662,0.7783462617593662
va_type_age_sex,child,5-9,female,level2,EXP4,83,83,23,0.45783132530120485,0.7710843373493976,0.7710843373493976
va_type_age_sex,child,5-9,female,level3,EXP1,83,83,33,0.8192771084337349,0.5903614457831325,0.5903614457831325
va_type_age_sex,child,5-9,female,level3,EXP2,83,83,32,0.6987951807228916,0.6506024096385542,0.6506024096385542
va_type_age_sex,child,5-9,female,level3,EXP3,83,73,34,0.856246905429939,0.5718765472850305,0.5718765472850305
va_type_age_sex,child,5-9,female,level3,EXP4,83,83,33,0.6987951807228915,0.6506024096385543,0.6506024096385543
va_type_age_sex,child,5-9,male,level1,EXP1,57,57,3,0.07017543859649122,0.9649122807017544,0.9574468085106383
va_type_age_sex,child,5-9,male,level1,EXP2,57,57,4,0.07017543859649128,0.9649122807017544,0.9649122807017544
va_type_age_sex,child,5-9,male,level1,EXP3,57,55,3,0.059968102073365226,0.9700159489633173,0.9636363636363636
va_type_age_sex,child,5-9,male,level1,EXP4,57,56,4,0.22055137844611525,0.8897243107769424,0.8897243107769424
va_type_age_sex,child,5-9,male,level2,EXP1,57,57,16,0.2807017543859649,0.8596491228070176,0.8596491228070176
va_type_age_sex,child,5-9,male,level2,EXP2,57,57,19,0.38596491228070173,0.8070175438596492,0.8070175438596492
va_type_age_sex,child,5-9,male,level2,EXP3,57,55,16,0.37703349282296644,0.8114832535885168,0.8114832535885168
va_type_age_sex,child,5-9,male,level2,EXP4,57,56,19,0.4686716791979949,0.7656641604010026,0.7656641604010026
va_type_age_sex,child,5-9,male,level3,EXP1,57,57,26,0.5263157894736843,0.7368421052631579,0.7368421052631579
va_type_age_sex,child,5-9,male,level3,EXP2,57,57,29,0.5614035087719298,0.7192982456140351,0.7192982456140351
va_type_age_sex,child,5-9,male,level3,EXP3,57,55,26,0.6539074960127591,0.6730462519936204,0.6730462519936204
va_type_age_sex,child,5-9,male,level3,EXP4,57,56,30,0.6923558897243106,0.6538220551378446,0.6538220551378446
va_type_age_sex,infant,0,female,level1,EXP1,278,278,6,0.302158273381295,0.8489208633093526,0.8489208633093526
va_type_age_sex,infant,0,female,level1,EXP2,278,278,6,0.49640287769784164,0.7517985611510791,0.7517985611510791
va_type_age_sex,infant,0,female,level1,EXP3,278,237,6,0.19809974804966152,0.9009501259751692,0.9009501259751692
va_type_age_sex,infant,0,female,level1,EXP4,278,278,6,0.41726618705035967,0.7913669064748201,0.7913669064748201
va_type_age_sex,infant,0,female,level2,EXP1,278,278,15,0.3525179856115107,0.8237410071942446,0.8237410071942446
va_type_age_sex,infant,0,female,level2,EXP2,278,278,19,1.028776978417266,0.485611510791367,0.485611510791367
va_type_age_sex,infant,0,female,level2,EXP3,278,237,17,0.258112497343897,0.8709437513280515,0.8709437513280515
va_type_age_sex,infant,0,female,level2,EXP4,278,278,20,0.9712230215827338,0.5143884892086331,0.5143884892086331
va_type_age_sex,infant,0,female,level3,EXP1,278,278,21,0.38129496402877694,0.8093525179856116,0.8093525179856116
va_type_age_sex,infant,0,female,level3,EXP2,278,278,24,1.050359712230216,0.474820143884892,0.474820143884892
va_type_age_sex,infant,0,female,level3,EXP3,278,237,21,0.2662781167471086,0.8668609416264457,0.8668609416264457
va_type_age_sex,infant,0,female,level3,EXP4,278,278,23,0.9784172661870503,0.5107913669064749,0.5107913669064749
va_type_age_sex,infant,0,male,level1,EXP1,223,223,5,0.3318385650224216,0.8340807174887892,0.8340807174887892
va_type_age_sex,infant,0,male,level1,EXP2,223,221,6,0.48941825781709714,0.7552908710914514,0.7552908710914514
va_type_age_sex,infant,0,male,level1,EXP3,223,184,6,0.22363033729771886,0.8881848313511406,0.8881848313511406
va_type_age_sex,infant,0,male,level1,EXP4,223,223,6,0.44843049327354256,0.7757847533632287,0.7757847533632287
va_type_age_sex,infant,0,male,level2,EXP1,223,223,16,0.4304932735426009,0.7847533632286996,0.7847533632286996
va_type_age_sex,infant,0,male,level2,EXP2,223,221,21,1.0241665483026603,0.48791672584866985,0.48791672584866985
va_type_age_sex,infant,0,male,level2,EXP3,223,184,17,0.32598947163189707,0.8370052641840515,0.8370052641840515
va_type_age_sex,infant,0,male,level2,EXP4,223,223,18,0.905829596412556,0.547085201793722,0.547085201793722
va_type_age_sex,infant,0,male,level3,EXP1,223,223,17,0.4304932735426009,0.7847533632286996,0.7847533632286996
va_type_age_sex,infant,0,male,level3,EXP2,223,221,24,1.0241665483026603,0.48791672584866985,0.48791672584866985
va_type_age_sex,infant,0,male,level3,EXP3,223,184,20,0.32598947163189707,0.8370052641840515,0.8370052641840515
va_type_age_sex,infant,0,male,level3,EXP4,223,223,21,0.905829596412556,0.547085201793722,0.547085201793722
