stratum,va_type,sex,level,experiment,n_reference,n_predicted,n_causes_union,sum_abs_csmf_error,csmf_similarity,csmf_accuracy_chance_corrected
va_type_sex,adult,female,level1,EXP1,1239,1239,4,0.03228410008071024,0.9838579499596449,0.9838579499596449
va_type_sex,adult,female,level1,EXP2,1239,1239,4,0.1501210653753027,0.9249394673123487,0.9249394673123487
va_type_sex,adult,female,level1,EXP3,1239,1150,4,0.11925886935466888,0.9403705653226656,0.9403705653226656
va_type_sex,adult,female,level1,EXP4,1239,1238,4,0.21555243493306525,0.8922237825334673,0.8922237825334673
va_type_sex,adult,female,level2,EXP1,1239,1239,29,0.20661824051654556,0.8966908797417272,0.8966908797417272
va_type_sex,adult,female,level2,EXP2,1239,1239,29,0.2953995157384988,0.8523002421307506,0.8523002421307506
va_type_sex,adult,female,level2,EXP3,1239,1150,28,0.279202723093659,0.8603986384531706,0.8603986384531706
va_type_sex,adult,female,level2,EXP4,1239,1238,29,0.3233651610749718,0.838317419462514,0.838317419462514
va_type_sex,adult,female,level3,EXP1,1239,1239,66,0.5714285714285715,0.7142857142857142,0.7142857142857142
va_type_sex,adult,female,level3,EXP2,1239,1239,63,0.5536723163841808,0.7231638418079096,0.7231638418079096
va_type_sex,adult,female,level3,EXP3,1239,1150,63,0.6841843001017652,0.6579078499491173,0.6579078499491173
va_type_sex,adult,female,level3,EXP4,1239,1238,62,0.5836837514228606,0.7081581242885697,0.7081581242885697
va_type_sex,adult,male,level1,EXP1,1214,1214,5,0.02800658978583198,0.985996705107084,0.985996705107084
va_type_sex,adult,male,level1,EXP2,1214,1208,5,0.13191845685545023,0.9340407715722749,0.9340407715722749
va_type_sex,adult,male,level1,EXP3,1214,1139,6,0.09396953598130094,0.9530152320093496,0.9530152320093496
va_type_sex,adult,male,level1,EXP4,1214,1213,5,0.2002414806102478,0.8998792596948761,0.8998792596948761
va_type_sex,adult,male,level2,EXP1,1214,1214,38,0.22405271828665568,0.8879736408566722,0.8879736408566722
va_type_sex,adult,male,level2,EXP2,1214,1208,37,0.33263962381487494,0.8336801880925625,0.8336801880925625
va_type_sex,adult,male,level2,EXP3,1214,1139,41,0.2915821126945947,0.8542089436527026,0.8542089436527026
va_type_sex,adult,male,level2,EXP4,1214,1213,39,0.34815039162505046,0.8259248041874747,0.8259248041874747
va_type_sex,adult,male,level3,EXP1,1214,1214,75,0.49917627677100496,0.7504118616144975,0.7504118616144975
va_type_sex,adult,male,level3,EXP2,1214,1208,73,0.533172589109397,0.7334137054453015,0.7334137054453015
va_type_sex,adult,male,level3,EXP3,1214,1139,75,0.6119186025488413,0.6940406987255794,0.6940406987255794
va_type_sex,adult,male,level3,EXP4,1214,1213,73,0.5626661197814451,0.7186669401092775,0.7186669401092775
va_type_sex,child,female,level1,EXP1,491,491,4,0.052953156822810626,0.9735234215885947,0.9726315789473684
va_type_sex,child,female,level1,EXP2,491,490,5,0.08223118167837401,0.958884409160813,0.958884409160813
va_type_sex,child,female,level1,EXP3,491,464,5,0.0989623569070862,0.950518821546457,0.950518821546457
va_type_sex,child,female,level1,EXP4,491,491,5,0.07739307535641551,0.9613034623217922,0.9613034623217922
va_type_sex,child,female,level2,EXP1,491,491,34,0.23217922606924646,0.8839103869653768,0.8839103869653768
va_type_sex,child,female,level2,EXP2,491,490,34,0.30887401803898756,0.8455629909805062,0.8455629909805062
va_type_sex,child,female,level2,EXP3,491,464,35,0.25248437390266176,0.8737578130486692,0.8737578130486692
va_type_sex,child,female,level2,EXP4,491,491,33,0.2566191446028514,0.8716904276985743,0.8716904276985743
va_type_sex,child,female,level3,EXP1,491,491,57,0.5784114052953157,0.7107942973523422,0.7107942973523422
va_type_sex,child,female,level3,EXP2,491,490,56,0.5275198470426867,0.7362400764786566,0.7362400764786566
va_type_sex,child,female,level3,EXP3,491,464,61,0.6355520050565349,0.6822239974717326,0.6822239974717326
va_type_sex,child,female,level3,EXP4,491,491,53,0.4969450101832994,0.7515274949083504,0.7515274949083504
va_type_sex,child,male,level1,EXP1,421,421,5,0.05700712589073631,0.9714964370546318,0.9714964370546318
va_type_sex,child,male,level1,EXP2,421,421,5,0.06175771971496441,0.9691211401425178,0.9691211401425178
va_type_sex,child,male,level1,EXP3,421,405,5,0.10565086067857248,0.9471745696607138,0.9471745696607138
va_type_sex,child,male,level1,EXP4,421,420,5,0.07674471213663606,0.961627643931682,0.961627643931682
va_type_sex,child,male,level2,EXP1,421,421,32,0.2755344418052257,0.8622327790973872,0.8622327790973872
va_type_sex,child,male,level2,EXP2,421,421,31,0.31353919239904987,0.8432304038004751,0.8432304038004751
va_type_sex,child,male,level2,EXP3,421,405,34,0.3229700008797396,0.8385149995601302,0.8385149995601302
va_type_sex,child,male,level2,EXP4,421,420,30,0.32697658635900917,0.8365117068204955,0.8365117068204955
va_type_sex,child,male,level3,EXP1,421,421,51,0.6935866983372923,0.6532066508313539,0.6532066508313539
va_type_sex,child,male,level3,EXP2,421,421,49,0.5463182897862233,0.7268408551068883,0.7268408551068883
va_type_sex,child,male,level3,EXP3,421,405,53,0.6458813524530072,0.6770593237734964,0.6770593237734964
va_type_sex,child,male,level3,EXP4,421,420,48,0.5734871620857369,0.7132564189571315,0.7132564189571315
va_type_sex,infant,female,level1,EXP1,278,278,6,0.302158273381295,0.8489208633093526,0.8489208633093526
va_type_sex,infant,female,level1,EXP2,278,278,6,0.49640287769784164,0.7517985611510791,0.7517985611510791
va_type_sex,infant,female,level1,EXP3,278,237,6,0.19809974804966152,0.9009501259751692,0.9009501259751692
va_type_sex,infant,female,level1,EXP4,278,278,6,0.41726618705035967,0.7913669064748201,0.7913669064748201
va_type_sex,infant,female,level2,EXP1,278,278,15,0.3525179856115107,0.8237410071942446,0.8237410071942446
va_type_sex,infant,female,level2,EXP2,278,278,19,1.028776978417266,0.485611510791367,0.485611510791367
va_type_sex,infant,female,level2,EXP3,278,237,17,0.258112497343897,0.8709437513280515,0.8709437513280515
va_type_sex,infant,female,level2,EXP4,278,278,20,0.9712230215827338,0.5143884892086331,0.5143884892086331
va_type_sex,infant,female,level3,EXP1,278,278,21,0.38129496402877694,0.8093525179856116,0.8093525179856116
va_type_sex,infant,female,level3,EXP2,278,278,24,1.050359712230216,0.474820143884892,0.474820143884892
va_type_sex,infant,female,level3,EXP3,278,237,21,0.2662781167471086,0.8668609416264457,0.8668609416264457
va_type_sex,infant,female,level3,EXP4,278,278,23,0.9784172661870503,0.5107913669064749,0.5107913669064749
va_type_sex,infant,male,level1,EXP1,223,223,5,0.3318385650224216,0.8340807174887892,0.8340807174887892
va_type_sex,infant,male,level1,EXP2,223,221,6,0.48941825781709714,0.7552908710914514,0.7552908710914514
va_type_sex,infant,male,level1,EXP3,223,184,6,0.22363033729771886,0.8881848313511406,0.8881848313511406
va_type_sex,infant,male,level1,EXP4,223,223,6,0.44843049327354256,0.7757847533632287,0.7757847533632287
va_type_sex,infant,male,level2,EXP1,223,223,16,0.4304932735426009,0.7847533632286996,0.7847533632286996
va_type_sex,infant,male,level2,EXP2,223,221,21,1.0241665483026603,0.48791672584866985,0.48791672584866985
va_type_sex,infant,male,level2,EXP3,223,184,17,0.32598947163189707,0.8370052641840515,0.8370052641840515
va_type_sex,infant,male,level2,EXP4,223,223,18,0.905829596412556,0.547085201793722,0.547085201793722
va_type_sex,infant,male,level3,EXP1,223,223,17,0.4304932735426009,0.7847533632286996,0.7847533632286996
va_type_sex,infant,male,level3,EXP2,223,221,24,1.0241665483026603,0.48791672584866985,0.48791672584866985
va_type_sex,infant,male,level3,EXP3,223,184,20,0.32598947163189707,0.8370052641840515,0.8370052641840515
va_type_sex,infant,male,level3,EXP4,223,223,21,0.905829596412556,0.547085201793722,0.547085201793722
