stratum,va_type,level,experiment,null_model,n_simulations,n_reference,n_predicted,observed_csmf_accuracy,null_mean,null_sd,null_p2_5,null_p50,null_p97_5,observed_minus_null_mean,observed_percentile_vs_null,empirical_p_sim_ge_observed
overall,overall,level1,EXP1,uniform_codes,1000,3866,3866,0.9741334712881531,0.6123043820519548,0.007806996725847893,0.5966872212017843,0.6121752820781947,0.6276567829965888,0.3618290892361983,1.0,0.000999000999000999
overall,overall,level1,EXP1,overall_physician_prior,1000,3866,3866,0.9741334712881531,0.9889535554972448,0.00484207677933706,0.9776895827866703,0.9897664654946208,0.9963264235108895,-0.014820084209091755,0.008,0.9920079920079921
overall,overall,level1,EXP1,stratum_physician_prior,1000,3866,3866,0.9741334712881531,0.989106796116505,0.004741780604982041,0.979001574389924,0.9895040671739701,0.996851220152191,-0.014973324828351897,0.004,0.996003996003996
overall,overall,level1,EXP2,uniform_codes,1000,3866,3857,0.9286299753164777,0.6124643488307083,0.00816986854214622,0.5960196106857957,0.6125958541337464,0.628902511710469,0.3161656264857694,1.0,0.000999000999000999
overall,overall,level1,EXP2,overall_physician_prior,1000,3866,3857,0.9286299753164777,0.9890343194144755,0.004756072666459799,0.9774520976796627,0.9895942432107921,0.9965269027671015,-0.060404344097997775,0.0,1.0
overall,overall,level1,EXP2,stratum_physician_prior,1000,3866,3857,0.9286299753164777,0.9890415956103762,0.004622409980784061,0.9789318946077179,0.9894900526408993,0.9962693210917974,-0.06041162029389846,0.0,1.0
overall,overall,level1,EXP3,uniform_codes,1000,3866,3579,0.9437386016347877,0.612645595619627,0.008191181025518017,0.5970878551954245,0.6129604975054563,0.6277064656515173,0.3310930060151608,1.0,0.000999000999000999
overall,overall,level1,EXP3,overall_physician_prior,1000,3866,3579,0.9437386016347877,0.9885899827919782,0.00459383142115538,0.978765676173492,0.988904414794925,0.9960561070514765,-0.04485138115719045,0.0,1.0
overall,overall,level1,EXP3,stratum_physician_prior,1000,3866,3579,0.9437386016347877,0.9883901528706661,0.004822826277181144,0.9781865083126894,0.9890152687375973,0.9963945286687578,-0.044651551235878384,0.0,1.0
overall,overall,level1,EXP4,uniform_codes,1000,3866,3863,0.9108400910169692,0.6122093388397809,0.00792316895349238,0.5967276321054636,0.6122277209866964,0.6274652077691366,0.29863075217718826,1.0,0.000999000999000999
overall,overall,level1,EXP4,overall_physician_prior,1000,3866,3863,0.9108400910169692,0.9890377565575296,0.0046835270890336215,0.9785579289973103,0.9896999658943316,0.9962687576930493,-0.0781976655405604,0.0,1.0
overall,overall,level1,EXP4,stratum_physician_prior,1000,3866,3863,0.9108400910169692,0.9892087981484446,0.004727097673430193,0.9779407223649839,0.9899134914239629,0.9967431498109652,-0.07836870713147548,0.0,1.0
overall,overall,level2,EXP1,uniform_codes,1000,3866,3866,0.8820486290739783,0.4316530401034929,0.006293225363558369,0.41888098318240624,0.4315653298835706,0.44346701164294944,0.45039558897048537,1.0,0.000999000999000999
overall,overall,level2,EXP1,overall_physician_prior,1000,3866,3866,0.8820486290739783,0.9710313065976713,0.004660219843839014,0.9614424320827942,0.9710219922380336,0.9795666235446313,-0.08898267752369304,0.0,1.0
overall,overall,level2,EXP1,stratum_physician_prior,1000,3866,3866,0.8820486290739783,0.9710191461836998,0.0047857977949101,0.9611772315653299,0.9712807244501941,0.979307891332471,-0.08897051710972148,0.0,1.0
overall,overall,level2,EXP2,uniform_codes,1000,3866,3857,0.8093197565689381,0.43149374444274136,0.0062490952799784975,0.4200998570834903,0.43146262855693907,0.4439717306380999,0.3778260121261967,1.0,0.000999000999000999
overall,overall,level2,EXP2,overall_physician_prior,1000,3866,3857,0.8093197565689381,0.9708452708252766,0.004831647893900296,0.9611858883949849,0.9710574781960924,0.9794887338791284,-0.16152551425633854,0.0,1.0
overall,overall,level2,EXP2,stratum_physician_prior,1000,3866,3857,0.8093197565689381,0.9711088643453664,0.004620607402450391,0.9615255976851617,0.9714613405977808,0.9795359137684512,-0.1617891077764283,0.0,1.0
overall,overall,level2,EXP3,uniform_codes,1000,3866,3579,0.8595500250281611,0.43134563623436556,0.0064558005558699606,0.4190269366330184,0.431327562282063,0.44376384161308924,0.4282043887937956,1.0,0.000999000999000999
overall,overall,level2,EXP3,overall_physician_prior,1000,3866,3579,0.8595500250281611,0.970157980486285,0.004707876939137843,0.9600418677733089,0.970637544653717,0.9783838706960649,-0.11060795545812385,0.0,1.0
overall,overall,level2,EXP3,stratum_physician_prior,1000,3866,3579,0.8595500250281611,0.9697308409302937,0.004800883434397781,0.9588373026931933,0.9700199199947083,0.9778642375189179,-0.11018081590213258,0.0,1.0
overall,overall,level2,EXP4,uniform_codes,1000,3866,3863,0.8110435011669065,0.43117515340248264,0.006308659633427224,0.41851796775659506,0.43118590508888,0.4438998891195502,0.37986834776442385,1.0,0.000999000999000999
overall,overall,level2,EXP4,overall_physician_prior,1000,3866,3863,0.8110435011669065,0.9708618591011215,0.004590730427837054,0.9610260276032375,0.9710808315464423,0.9789908489303268,-0.15981835793421506,0.0,1.0
overall,overall,level2,EXP4,stratum_physician_prior,1000,3866,3863,0.8110435011669065,0.9707995928467208,0.004787934102068557,0.9608238306901413,0.9709494561298873,0.979203799003315,-0.1597560916798143,0.0,1.0
overall,overall,level3,EXP1,uniform_codes,1000,3866,3866,0.7415933781686497,0.5258817593790427,0.00673154300716031,0.5128072445019405,0.5260025873221216,0.5386804657179819,0.21571161878960698,1.0,0.000999000999000999
overall,overall,level3,EXP1,overall_physician_prior,1000,3866,3866,0.7415933781686497,0.9581529107373868,0.004816753479852758,0.9477360931435964,0.9583441138421733,0.9668822768434671,-0.21655953256873717,0.0,1.0
overall,overall,level3,EXP1,stratum_physician_prior,1000,3866,3866,0.7415933781686497,0.9579803363518758,0.004777180979411914,0.9482535575679172,0.958085381630013,0.9666300129366107,-0.21638695818322617,0.0,1.0
overall,overall,level3,EXP2,uniform_codes,1000,3866,3857,0.7263878562918169,0.525788144335948,0.006482145249928539,0.5136084590742591,0.5255653520203685,0.5392517393318241,0.2005997119558689,1.0,0.000999000999000999
overall,overall,level3,EXP2,overall_physician_prior,1000,3866,3857,0.7263878562918169,0.957980310391449,0.0049151811546520215,0.9477277465645199,0.9581480354765667,0.967067610476877,-0.23159245409963214,0.0,1.0
overall,overall,level3,EXP2,stratum_physician_prior,1000,3866,3857,0.7263878562918169,0.9577556766967603,0.004886798465124484,0.9477873079674696,0.9578913827817972,0.9673419373924395,-0.23136782040494341,0.0,1.0
overall,overall,level3,EXP3,uniform_codes,1000,3866,3579,0.7086286952674299,0.5254050633149315,0.006923748183409158,0.511706654854193,0.5252108118111725,0.5394632933162291,0.18322363195249836,1.0,0.000999000999000999
overall,overall,level3,EXP3,overall_physician_prior,1000,3866,3579,0.7086286952674299,0.9560918591163706,0.004919399978204389,0.9460995576828611,0.9562277725426495,0.9650915069109116,-0.24746316384894074,0.0,1.0
overall,overall,level3,EXP3,stratum_physician_prior,1000,3866,3579,0.7086286952674299,0.9562506311974371,0.0049815341468476175,0.9458970431585426,0.9562955099225864,0.9657543193423475,-0.24762193593000725,0.0,1.0
overall,overall,level3,EXP4,uniform_codes,1000,3866,3863,0.7242725130869369,0.5256913259741222,0.006626802321524185,0.5132676913926832,0.5256754045997805,0.5388894490772075,0.1985811871128147,1.0,0.000999000999000999
overall,overall,level3,EXP4,overall_physician_prior,1000,3866,3863,0.7242725130869369,0.9577956744903636,0.004803514685468441,0.9483995708112826,0.9578478141548555,0.9665764380216464,-0.23352316140342677,0.0,1.0
overall,overall,level3,EXP4,stratum_physician_prior,1000,3866,3863,0.7242725130869369,0.9579709157666909,0.004760380093299235,0.9481046659872965,0.9582170584431393,0.9671890533435094,-0.23369840267975406,0.0,1.0
va_type,adult,level1,EXP1,uniform_codes,1000,2453,2453,0.9910313901345291,0.5987604166666668,0.010387391085025897,0.5783333333333334,0.5991666666666666,0.6183437500000001,0.3922709734678623,1.0,0.000999000999000999
va_type,adult,level1,EXP1,overall_physician_prior,1000,2453,2453,0.9910313901345291,0.9024504166666667,0.010314647559692457,0.8833333333333333,0.9020833333333333,0.9220833333333334,0.08858097346786242,1.0,0.000999000999000999
va_type,adult,level1,EXP1,stratum_physician_prior,1000,2453,2453,0.9910313901345291,0.9885437499999999,0.006058416327841544,0.97375,0.9895833333333334,0.9970833333333333,0.0024876401345291788,0.61,0.3906093906093906
va_type,adult,level1,EXP2,uniform_codes,1000,2453,2447,0.9294566205930171,0.5985082516005994,0.010686245049026905,0.5778660945375289,0.5983328225037461,0.6192172387958044,0.33094836899241775,1.0,0.000999000999000999
va_type,adult,level1,EXP2,overall_physician_prior,1000,2453,2447,0.9294566205930171,0.9026992068519275,0.010146765227932864,0.8815353834627435,0.9026229396539981,0.922259654679199,0.026757413741089642,0.996,0.004995004995004995
va_type,adult,level1,EXP2,stratum_physician_prior,1000,2453,2447,0.9294566205930171,0.988339148447078,0.006135549829254193,0.9733686571992917,0.9893211074785451,0.9972375485288107,-0.058882527854060895,0.0,1.0
va_type,adult,level1,EXP3,uniform_codes,1000,2453,2289,0.9478565756181259,0.5979924475753605,0.010876032761002935,0.5755459079656328,0.5978718872870248,0.6184117882627057,0.34986412804276534,1.0,0.000999000999000999
va_type,adult,level1,EXP3,overall_physician_prior,1000,2453,2289,0.9478565756181259,0.9029196344837629,0.010542096903215122,0.8831602455584681,0.9032643439638852,0.923804244939566,0.04493694113436297,1.0,0.000999000999000999
va_type,adult,level1,EXP3,stratum_physician_prior,1000,2453,2289,0.9478565756181259,0.9880131471166449,0.0061359998284938036,0.9742548920562109,0.9888787862239697,0.9967171572375128,-0.040156571498519034,0.0,1.0
va_type,adult,level1,EXP4,uniform_codes,1000,2453,2451,0.8960125595799147,0.59875016999864,0.01032706957583762,0.5795574382904938,0.59875016999864,0.6175363202094384,0.2972623895812747,1.0,0.000999000999000999
va_type,adult,level1,EXP4,overall_physician_prior,1000,2453,2451,0.8960125595799147,0.9018821088331294,0.010055290000423751,0.8811259307425541,0.9024733102135183,0.9199875900992792,-0.005869549253214701,0.266,0.7342657342657343
va_type,adult,level1,EXP4,stratum_physician_prior,1000,2453,2451,0.8960125595799147,0.9883246037331701,0.005957039575151823,0.9745014917380661,0.9891935264517884,0.9971175030599755,-0.09231204415325545,0.0,1.0
va_type,adult,level2,EXP1,uniform_codes,1000,2453,2453,0.8956379942927029,0.40666884176182705,0.007672575771363193,0.39110929853181076,0.4066068515497554,0.4212887438825448,0.4889691525308758,1.0,0.000999000999000999
va_type,adult,level2,EXP1,overall_physician_prior,1000,2453,2453,0.8956379942927029,0.8354261827079935,0.008859993229263211,0.818515497553018,0.8352365415986949,0.8527732463295269,0.06021181158470934,1.0,0.000999000999000999
va_type,adult,level2,EXP1,stratum_physician_prior,1000,2453,2453,0.8956379942927029,0.9679584013050572,0.005899811353869499,0.9543230016313213,0.9685970636215334,0.9779771615008157,-0.07232040701235432,0.0,1.0
va_type,adult,level2,EXP2,uniform_codes,1000,2453,2447,0.8431099688446013,0.40655934523146836,0.0076789483953024085,0.3910480698141547,0.4065920183251989,0.42172036571731797,0.43655062361313296,1.0,0.000999000999000999
va_type,adult,level2,EXP2,overall_physician_prior,1000,2453,2447,0.8431099688446013,0.8351105390227137,0.009439291597585608,0.816832493228383,0.83524720818714,0.8536153984870778,0.007999429821887616,0.807,0.1938061938061938
va_type,adult,level2,EXP2,stratum_physician_prior,1000,2453,2447,0.8431099688446013,0.9681676364373328,0.0059247181018927874,0.955957114647826,0.9686799796801491,0.9787959554963264,-0.12505766759273151,0.0,1.0
va_type,adult,level2,EXP3,uniform_codes,1000,2453,2289,0.8608469190194619,0.40696225564922534,0.0077155836316490905,0.39145940190584516,0.4067561577214811,0.42220984537011896,0.45388466337023653,1.0,0.000999000999000999
va_type,adult,level2,EXP3,overall_physician_prior,1000,2453,2289,0.8608469190194619,0.8346607533939537,0.009512597624822306,0.8152642799415888,0.8346985583224116,0.852972408825242,0.02618616562550813,0.996,0.004995004995004995
va_type,adult,level2,EXP3,stratum_physician_prior,1000,2453,2289,0.8608469190194619,0.9669072169044518,0.006306578770687653,0.9541041647513429,0.9671261840264489,0.978158417946103,-0.10606029788498994,0.0,1.0
va_type,adult,level2,EXP4,uniform_codes,1000,2453,2451,0.8334019426499296,0.406620910298623,0.007563778058568272,0.39122777066723124,0.40673796958727104,0.421840612713924,0.4267810323513066,1.0,0.000999000999000999
va_type,adult,level2,EXP4,overall_physician_prior,1000,2453,2451,0.8334019426499296,0.8350631780949015,0.009034221461454004,0.8174046216113142,0.8353630006196492,0.8513087967890057,-0.0016612354449718758,0.433,0.5674325674325674
va_type,adult,level2,EXP4,stratum_physician_prior,1000,2453,2451,0.8334019426499296,0.9682906304514654,0.005968575563381892,0.9559012102128305,0.9685631193580141,0.9792748598467982,-0.13488868780153573,0.0,1.0
va_type,adult,level3,EXP1,uniform_codes,1000,2453,2453,0.7354260089686099,0.5324873572593801,0.008196747331687107,0.5171288743882545,0.5322185970636215,0.5489396411092986,0.20293865170922976,1.0,0.000999000999000999
va_type,adult,level3,EXP1,overall_physician_prior,1000,2453,2453,0.7354260089686099,0.8281039967373572,0.008971171525457294,0.8103486949429037,0.8278955954323002,0.8450244698205547,-0.09267798776874736,0.0,1.0
va_type,adult,level3,EXP1,stratum_physician_prior,1000,2453,2453,0.7354260089686099,0.9509441272430669,0.006002153936877127,0.9384176182707994,0.9510603588907015,0.9620717781402937,-0.215518118274457,0.0,1.0
va_type,adult,level3,EXP2,uniform_codes,1000,2453,2447,0.7295202941578754,0.5325700526529472,0.008116635566405243,0.516106498552344,0.5327345932796492,0.5479990105072564,0.19695024150492824,1.0,0.000999000999000999
va_type,adult,level3,EXP2,overall_physician_prior,1000,2453,2447,0.7295202941578754,0.8282254708465471,0.008997155388575349,0.8098294279175285,0.8279002620647449,0.8461262242410221,-0.09870517668867163,0.0,1.0
va_type,adult,level3,EXP2,stratum_physician_prior,1000,2453,2447,0.7295202941578754,0.9508858128373725,0.006176486683048573,0.9380713208103141,0.9514431894166109,0.9620304242768886,-0.22136551867949705,0.0,1.0
va_type,adult,level3,EXP3,uniform_codes,1000,2453,2289,0.6796291022645571,0.53182577323849,0.008176952262282346,0.5165293557670312,0.5315989230000634,0.5469255979551825,0.14780332902606708,1.0,0.000999000999000999
va_type,adult,level3,EXP3,overall_physician_prior,1000,2453,2289,0.6796291022645571,0.8282013283260533,0.009330265684651744,0.810592578022274,0.8281714020597838,0.8459876817063237,-0.14857222606149623,0.0,1.0
va_type,adult,level3,EXP3,stratum_physician_prior,1000,2453,2289,0.6796291022645571,0.9490565644115377,0.006020315876080026,0.936613013547308,0.9494391931907834,0.9605677678976765,-0.26942746214698066,0.0,1.0
va_type,adult,level3,EXP4,uniform_codes,1000,2453,2451,0.7170293978863007,0.5320471825262919,0.008080155769856476,0.5168712848502759,0.531618748681332,0.5479181933265579,0.1849822153600088,1.0,0.000999000999000999
va_type,adult,level3,EXP4,overall_physician_prior,1000,2453,2451,0.7170293978863007,0.8284565561681053,0.008984450768292842,0.8108028159428884,0.8288080971045544,0.8467668421784763,-0.1114271582818046,0.0,1.0
va_type,adult,level3,EXP4,stratum_physician_prior,1000,2453,2451,0.7170293978863007,0.9511459723134613,0.005596470974970636,0.939689637947823,0.9513139425064046,0.961762768866854,-0.2341165744271606,0.0,1.0
va_type,child,level1,EXP1,uniform_codes,1000,912,912,0.9725877192982456,0.47101700680272107,0.015065147150642,0.44328231292517006,0.4705215419501133,0.5,0.5015707124955245,1.0,0.000999000999000999
va_type,child,level1,EXP1,overall_physician_prior,1000,912,912,0.9725877192982456,0.6918854875283446,0.017339817756775767,0.6598639455782312,0.691609977324263,0.727891156462585,0.28070223176990106,1.0,0.000999000999000999
va_type,child,level1,EXP1,stratum_physician_prior,1000,912,912,0.9725877192982456,0.9836666666666667,0.00787891766782813,0.9648526077097506,0.9852607709750566,0.9954648526077098,-0.011078947368421077,0.091,0.9090909090909091
va_type,child,level1,EXP2,uniform_codes,1000,912,911,0.9649905155314191,0.47194816689939784,0.01452785939044929,0.44356330164704005,0.4719390866481975,0.5003432474343562,0.4930423486320213,1.0,0.000999000999000999
va_type,child,level1,EXP2,overall_physician_prior,1000,912,911,0.9649905155314191,0.6922251767886078,0.016457763431406418,0.6592192676558366,0.6922185632394193,0.7228907022011146,0.2727653387428113,1.0,0.000999000999000999
va_type,child,level1,EXP2,stratum_physician_prior,1000,912,911,0.9649905155314191,0.9836684862016523,0.007992445006587016,0.965085338928839,0.984380872729626,0.9955813426724512,-0.018677970670233135,0.023,0.977022977022977
va_type,child,level1,EXP3,uniform_codes,1000,912,869,0.9492295540346839,0.4718314323811611,0.015307315546691696,0.44161062967572906,0.4713578565296468,0.5011050833835644,0.4773981216535228,1.0,0.000999000999000999
va_type,child,level1,EXP3,overall_physician_prior,1000,912,869,0.9492295540346839,0.6920941408400723,0.017023918303708488,0.6595447826234444,0.6914873352486373,0.7271840074733384,0.25713541319461164,1.0,0.000999000999000999
va_type,child,level1,EXP3,stratum_physician_prior,1000,912,869,0.9492295540346839,0.9831021360596407,0.008196628833516316,0.9641415446117073,0.9840310884614683,0.9954296256285406,-0.0338725820249568,0.0,1.0
va_type,child,level1,EXP4,uniform_codes,1000,912,911,0.9614350434263486,0.47164738357838565,0.014539262064484127,0.44356330164704005,0.4708040552481513,0.500314871649355,0.4897876598479629,1.0,0.000999000999000999
va_type,child,level1,EXP4,overall_physician_prior,1000,912,911,0.9614350434263486,0.6927682731343543,0.016701731239929147,0.6581655366134745,0.6932702096572254,0.7250794646435229,0.26866677029199426,1.0,0.000999000999000999
va_type,child,level1,EXP4,stratum_physician_prior,1000,912,911,0.9614350434263486,0.9836633947395277,0.008176362539050954,0.9661360519326647,0.9850336402398501,0.9963245268835672,-0.02222835131317913,0.015,0.985014985014985
va_type,child,level2,EXP1,uniform_codes,1000,912,912,0.8782894736842105,0.34605927552140503,0.011412780215809354,0.3249176728869373,0.3457738748627882,0.36992316136114145,0.5322301981628055,1.0,0.000999000999000999
va_type,child,level2,EXP1,overall_physician_prior,1000,912,912,0.8782894736842105,0.5539242590559825,0.015814042926571716,0.5236004390779364,0.5543358946212953,0.5850713501646543,0.324365214628228,1.0,0.000999000999000999
va_type,child,level2,EXP1,stratum_physician_prior,1000,912,912,0.8782894736842105,0.9563830954994512,0.009014890052880972,0.9363336992316136,0.9571899012074644,0.9714599341383096,-0.07809362181524071,0.0,1.0
va_type,child,level2,EXP2,uniform_codes,1000,912,911,0.848902064436613,0.3457311346501655,0.01105463688409372,0.3239513158481351,0.34591605707049233,0.3678646220543884,0.5031709297864475,1.0,0.000999000999000999
va_type,child,level2,EXP2,overall_physician_prior,1000,912,911,0.848902064436613,0.5539152907324915,0.015611762284727763,0.5217111026230208,0.5535779911581946,0.5843460401652688,0.2949867737041215,1.0,0.000999000999000999
va_type,child,level2,EXP2,stratum_physician_prior,1000,912,911,0.848902064436613,0.9567654716533261,0.008846465127036796,0.9369982203125359,0.9574375151369829,0.9717771932509238,-0.10786340721671317,0.0,1.0
va_type,child,level2,EXP3,uniform_codes,1000,912,869,0.8668652716370904,0.3459403733172995,0.011101368405946895,0.32398040065230094,0.3461458784653492,0.3681054595476082,0.5209248983197909,1.0,0.000999000999000999
va_type,child,level2,EXP3,overall_physician_prior,1000,912,869,0.8668652716370904,0.5525894596031877,0.016059929533248044,0.5225279129018933,0.5523457700853523,0.5841417516885428,0.31427581203390265,1.0,0.000999000999000999
va_type,child,level2,EXP3,stratum_physician_prior,1000,912,869,0.8668652716370904,0.9555548133729295,0.008802371506330939,0.9374135202151432,0.956359998433669,0.9706196417902152,-0.0886895417358391,0.0,1.0
va_type,child,level2,EXP4,uniform_codes,1000,912,911,0.86532415698962,0.3460569030064307,0.010747642098787003,0.3250227431285627,0.34592931134409166,0.36896282899215704,0.5192672539831893,1.0,0.000999000999000999
va_type,child,level2,EXP4,overall_physician_prior,1000,912,911,0.86532415698962,0.5539814102788095,0.015356711835524235,0.5227684321760746,0.5546672514612836,0.5832799447176298,0.3113427467108104,1.0,0.000999000999000999
va_type,child,level2,EXP4,stratum_physician_prior,1000,912,911,0.86532415698962,0.9567347843951413,0.009066627036610481,0.935892331920749,0.9580387771848164,0.9715794033408,-0.0914106274055213,0.0,1.0
va_type,child,level3,EXP1,uniform_codes,1000,912,912,0.6918859649122807,0.4117607025246981,0.013151490479597055,0.3863885839736553,0.411635565312843,0.4390779363336992,0.2801252623875826,1.0,0.000999000999000999
va_type,child,level3,EXP1,overall_physician_prior,1000,912,912,0.6918859649122807,0.6143633369923162,0.014842466313880474,0.58397365532382,0.6147091108671789,0.6421514818880352,0.07752262791996456,1.0,0.000999000999000999
va_type,child,level3,EXP1,stratum_physician_prior,1000,912,912,0.6918859649122807,0.9379956092206366,0.00962652170017036,0.9165751920965971,0.9385290889132821,0.9538968166849616,-0.2461096443083559,0.0,1.0
va_type,child,level3,EXP2,uniform_codes,1000,912,911,0.7415795251025478,0.4106384583592896,0.01273673643195044,0.38547328601155995,0.4107487339156377,0.4349251314281721,0.3309410667432582,1.0,0.000999000999000999
va_type,child,level3,EXP2,overall_physician_prior,1000,912,911,0.7415795251025478,0.615342360296944,0.01527264321741252,0.5854325291202415,0.6161682858970914,0.6447674537696961,0.12623716480560376,1.0,0.000999000999000999
va_type,child,level3,EXP2,stratum_physician_prior,1000,912,911,0.7415795251025478,0.9382225476882738,0.009990490215149564,0.9179162233513792,0.9388646630221431,0.956589362120009,-0.19664302258572608,0.0,1.0
va_type,child,level3,EXP3,uniform_codes,1000,912,869,0.6911730563462742,0.4105229789593752,0.013348968961442012,0.38290671867559134,0.4108271364312158,0.43567280862088353,0.28065007738689907,1.0,0.000999000999000999
va_type,child,level3,EXP3,overall_physician_prior,1000,912,869,0.6911730563462742,0.6135761129476202,0.015777315100836298,0.5814501572015224,0.6136853114788059,0.6435180424905168,0.07759694339865408,1.0,0.000999000999000999
va_type,child,level3,EXP3,stratum_physician_prior,1000,912,869,0.6911730563462742,0.936485600492131,0.009800990658635846,0.9160742188240139,0.9370442324283561,0.9539742490137799,-0.2453125441458568,0.0,1.0
va_type,child,level3,EXP4,uniform_codes,1000,912,911,0.7404312785256225,0.4118356349580261,0.012789613150428277,0.38769593732415497,0.41184763369043553,0.43716901970187516,0.3285956435675964,1.0,0.000999000999000999
va_type,child,level3,EXP4,overall_physician_prior,1000,912,911,0.7404312785256225,0.6141446896752822,0.01541095325108514,0.5842986561371504,0.6140313355126572,0.6437239809572235,0.12628658885034028,1.0,0.000999000999000999
va_type,child,level3,EXP4,stratum_physician_prior,1000,912,911,0.7404312785256225,0.9382356886980808,0.010136640101516261,0.9171106647500185,0.9388984011731236,0.9565408635279744,-0.1978044101724583,0.0,1.0
va_type,infant,level1,EXP1,uniform_codes,1000,501,501,0.8423153692614771,0.24344,0.017969788905641413,0.20799999999999996,0.244,0.28,0.5988753692614771,1.0,0.000999000999000999
va_type,infant,level1,EXP1,overall_physician_prior,1000,501,501,0.8423153692614771,0.17381,0.01514295906384249,0.14600000000000002,0.17399999999999993,0.20400000000000007,0.6685053692614771,1.0,0.000999000999000999
va_type,infant,level1,EXP1,stratum_physician_prior,1000,501,501,0.8423153692614771,0.990068,0.00508696896523394,0.978,0.99,0.998,-0.14775263073852285,0.0,1.0
va_type,infant,level1,EXP2,uniform_codes,1000,501,499,0.7553350213400853,0.24293011623246497,0.017702187100957185,0.21067334669338678,0.24280160320641286,0.27698807615230453,0.5124049051076204,1.0,0.000999000999000999
va_type,infant,level1,EXP2,overall_physician_prior,1000,501,499,0.7553350213400853,0.17357531462925851,0.014435534201123996,0.14440881763527058,0.17252905811623254,0.20264128256513025,0.5817597067108269,1.0,0.000999000999000999
va_type,infant,level1,EXP2,stratum_physician_prior,1000,501,499,0.7553350213400853,0.9900763086172344,0.005163606880437899,0.9777753507014029,0.9917915831663326,0.9978316633266533,-0.23474128727714905,0.0,1.0
va_type,infant,level1,EXP3,uniform_codes,1000,501,421,0.8966437670976337,0.24239285985748216,0.01929129280582789,0.20616377672209016,0.2419239904988124,0.28238479809976236,0.6542509072401516,1.0,0.000999000999000999
va_type,infant,level1,EXP3,overall_physician_prior,1000,501,421,0.8966437670976337,0.17303357719714965,0.017088294875032023,0.13958194774346788,0.17290261282660335,0.2062232779097387,0.7236101899004841,1.0,0.000999000999000999
va_type,infant,level1,EXP3,stratum_physician_prior,1000,501,421,0.8966437670976337,0.9889363705463183,0.005335001748321379,0.975038836104513,0.9900190023752969,0.9965605700712589,-0.09229260344868462,0.0,1.0
va_type,infant,level1,EXP4,uniform_codes,1000,501,501,0.7884231536926148,0.24321399999999996,0.017511049107373344,0.20799999999999996,0.244,0.2759999999999999,0.5452091536926149,1.0,0.000999000999000999
va_type,infant,level1,EXP4,overall_physician_prior,1000,501,501,0.7884231536926148,0.174198,0.015421368765923947,0.14600000000000002,0.17399999999999993,0.20599999999999985,0.6142251536926149,1.0,0.000999000999000999
va_type,infant,level1,EXP4,stratum_physician_prior,1000,501,501,0.7884231536926148,0.9903699999999999,0.005018793509229911,0.978,0.992,0.998,-0.20194684630738502,0.0,1.0
va_type,infant,level2,EXP1,uniform_codes,1000,501,501,0.8083832335329342,0.35752599999999995,0.01971659372376649,0.31994999999999996,0.3579999999999999,0.3959999999999999,0.4508572335329342,1.0,0.000999000999000999
va_type,infant,level2,EXP1,overall_physician_prior,1000,501,501,0.8083832335329342,0.35769199999999995,0.02045393603929326,0.31999999999999995,0.3579999999999999,0.40004999999999996,0.4506912335329342,1.0,0.000999000999000999
va_type,infant,level2,EXP1,stratum_physician_prior,1000,501,501,0.8083832335329342,0.9624459999999999,0.012801912863825194,0.9339999999999999,0.964,0.982,-0.15406276646706574,0.0,1.0
va_type,infant,level2,EXP2,uniform_codes,1000,501,499,0.49866999467997875,0.35942368737474945,0.019695772225846012,0.3208496993987975,0.3590020040080161,0.39921252505010024,0.1392463073052293,1.0,0.000999000999000999
va_type,infant,level2,EXP2,overall_physician_prior,1000,501,499,0.49866999467997875,0.358881390781563,0.020867822599773003,0.3209622244488978,0.3591783567134269,0.39948226452905794,0.13978860389841574,1.0,0.000999000999000999
va_type,infant,level2,EXP2,stratum_physician_prior,1000,501,499,0.49866999467997875,0.9618913547094189,0.012812669918074778,0.9330336673346693,0.9637995991983968,0.9819531062124248,-0.46322136002944014,0.0,1.0
va_type,infant,level2,EXP3,uniform_codes,1000,501,421,0.8595967210472167,0.35812633254156767,0.020945201938255387,0.3174441805225653,0.35790498812351546,0.40074584323040363,0.5014703885056491,1.0,0.000999000999000999
va_type,infant,level2,EXP3,overall_physician_prior,1000,501,421,0.8595967210472167,0.35718671733966745,0.02201509884103714,0.31491437054631827,0.35778622327790977,0.4013871733966746,0.5024100037075493,1.0,0.000999000999000999
va_type,infant,level2,EXP3,stratum_physician_prior,1000,501,421,0.8595967210472167,0.9584685225653207,0.014344735275874794,0.9253077197149644,0.9603135391923991,0.9815496437054633,-0.09887180151810393,0.0,1.0
va_type,infant,level2,EXP4,uniform_codes,1000,501,501,0.5329341317365268,0.35779199999999994,0.01903068319590505,0.32000000000000006,0.3579999999999999,0.396,0.17514213173652687,1.0,0.000999000999000999
va_type,infant,level2,EXP4,overall_physician_prior,1000,501,501,0.5329341317365268,0.35879599999999995,0.02022848426292923,0.32000000000000006,0.3599999999999999,0.398,0.17413813173652687,1.0,0.000999000999000999
va_type,infant,level2,EXP4,stratum_physician_prior,1000,501,501,0.5329341317365268,0.961182,0.01345317300356551,0.932,0.964,0.984,-0.42824786826347316,0.0,1.0
va_type,infant,level3,EXP1,uniform_codes,1000,501,501,0.8003992015968064,0.30843999999999994,0.018019408955320906,0.2739999999999999,0.30800000000000005,0.34205,0.4919592015968065,1.0,0.000999000999000999
va_type,infant,level3,EXP1,overall_physician_prior,1000,501,501,0.8003992015968064,0.40186799999999995,0.021047792891074963,0.36395,0.4019999999999998,0.44399999999999995,0.3985312015968065,1.0,0.000999000999000999
va_type,infant,level3,EXP1,stratum_physician_prior,1000,501,501,0.8003992015968064,0.959778,0.012958187783429848,0.9299999999999999,0.962,0.982,-0.15937879840319358,0.0,1.0
va_type,infant,level3,EXP2,uniform_codes,1000,501,499,0.4946779787119149,0.30805694989979954,0.01789843057447018,0.2746653306613225,0.3088016032064127,0.34293787575150303,0.18662102881211534,1.0,0.000999000999000999
va_type,infant,level3,EXP2,overall_physician_prior,1000,501,499,0.4946779787119149,0.4017393787575149,0.021861162331925716,0.3592665330661321,0.40143486973947873,0.4435168336673347,0.09293859995439996,1.0,0.000999000999000999
va_type,infant,level3,EXP2,stratum_physician_prior,1000,501,499,0.4946779787119149,0.9599172905811624,0.012921308641434306,0.9327771543086172,0.9611182364729459,0.9799754509018036,-0.4652393118692475,0.0,1.0
va_type,infant,level3,EXP3,uniform_codes,1000,501,421,0.8595967210472167,0.3087072114014252,0.020049182298091363,0.26978372921615185,0.30792399049881247,0.3483847980997625,0.5508895096457915,1.0,0.000999000999000999
va_type,infant,level3,EXP3,overall_physician_prior,1000,501,421,0.8595967210472167,0.4017562802850356,0.024116518860984124,0.356166270783848,0.4013871733966745,0.451377672209026,0.4578404407621811,1.0,0.000999000999000999
va_type,infant,level3,EXP3,stratum_physician_prior,1000,501,421,0.8595967210472167,0.955415377672209,0.014127901922181978,0.9246612826603325,0.9569263657957244,0.9783498812351544,-0.09581865662499223,0.0,1.0
va_type,infant,level3,EXP4,uniform_codes,1000,501,501,0.530938123752495,0.30898999999999993,0.01766487893952144,0.2739999999999999,0.30800000000000016,0.34399999999999986,0.22194812375249512,1.0,0.000999000999000999
va_type,infant,level3,EXP4,overall_physician_prior,1000,501,501,0.530938123752495,0.40163999999999994,0.0210865607210622,0.36,0.4019999999999998,0.4440499999999999,0.1292981237524951,1.0,0.000999000999000999
va_type,infant,level3,EXP4,stratum_physician_prior,1000,501,501,0.530938123752495,0.9603160000000001,0.012560011858987148,0.932,0.962,0.982,-0.429377876247505,0.0,1.0
