evaluation,metric_type,comparison,level,class_metric_kind,class,support,tp,fp,fn,precision,recall,f1,cohen_kappa_one_vs_rest
EXP1 narrative-present sensitivity,direct,EXP1_direct vs PHY_direct,full,single_label,00-02-00,0,0,3,0,0.0,,,
EXP1 narrative-present sensitivity,direct,EXP1_direct vs PHY_direct,full,single_label,00-03-00,0,0,1,0,0.0,,,
EXP1 narrative-present sensitivity,direct,EXP1_direct vs PHY_direct,full,single_label,01-00-00,14,0,0,14,,0.0,,
EXP1 narrative-present sensitivity,direct,EXP1_direct vs PHY_direct,full,single_label,01-01-00,12,1,2,11,0.3333333333333333,0.08333333333333333,0.13333333333333333,
EXP1 narrative-present sensitivity,direct,EXP1_direct vs PHY_direct,full,single_label,01-01-01,11,7,4,4,0.6363636363636364,0.6363636363636364,0.6363636363636364,
EXP1 narrative-present sensitivity,direct,EXP1_direct vs PHY_direct,full,single_label,01-01-02,10,7,6,3,0.5384615384615384,0.7,0.608695652173913,
EXP1 narrative-present sensitivity,direct,EXP1_direct vs PHY_direct,full,single_label,01-01-04,25,9,12,16,0.42857142857142855,0.36,0.391304347826087,
EXP1 narrative-present sensitivity,direct,EXP1_direct vs PHY_direct,full,single_label,01-01-05,8,3,6,5,0.3333333333333333,0.375,0.35294117647058826,
EXP1 narrative-present sensitivity,direct,EXP1_direct vs PHY_direct,full,single_label,01-01-06,26,6,6,20,0.5,0.23076923076923078,0.3157894736842105,
EXP1 narrative-present sensitivity,direct,EXP1_direct vs PHY_direct,full,single_label,01-01-99,0,0,1,0,0.0,,,
EXP1 narrative-present sensitivity,direct,EXP1_direct vs PHY_direct,full,single_label,01-03-00,3,0,2,3,0.0,0.0,,
EXP1 narrative-present sensitivity,direct,EXP1_direct vs PHY_direct,full,single_label,01-04-00,3,0,0,3,,0.0,,
EXP1 narrative-present sensitivity,direct,EXP1_direct vs PHY_direct,full,single_label,01-04-01,26,6,2,20,0.75,0.23076923076923078,0.3529411764705882,
EXP1 narrative-present sensitivity,direct,EXP1_direct vs PHY_direct,full,single_label,01-04-02,2,1,21,1,0.045454545454545456,0.5,0.08333333333333334,
EXP1 narrative-present sensitivity,direct,EXP1_direct vs PHY_direct,full,single_label,01-04-03,5,2,0,3,1.0,0.4,0.5714285714285715,
EXP1 narrative-present sensitivity,direct,EXP1_direct vs PHY_direct,full,single_label,01-05-00,2,2,10,0,0.16666666666666666,1.0,0.2857142857142857,
EXP1 narrative-present sensitivity,direct,EXP1_direct vs PHY_direct,full,single_label,02-03-00,2,2,2,0,0.5,1.0,0.6666666666666666,
EXP1 narrative-present sensitivity,direct,EXP1_direct vs PHY_direct,full,single_label,02-05-00,2,0,0,2,,0.0,,
EXP1 narrative-present sensitivity,direct,EXP1_direct vs PHY_direct,full,single_label,03-00-00,3,0,0,3,,0.0,,
EXP1 narrative-present sensitivity,direct,EXP1_direct vs PHY_direct,full,single_label,03-01-00,4,0,0,4,,0.0,,
EXP1 narrative-present sensitivity,direct,EXP1_direct vs PHY_direct,full,single_label,03-01-01,0,0,3,0,0.0,,,
EXP1 narrative-present sensitivity,direct,EXP1_direct vs PHY_direct,full,single_label,03-01-02,31,18,2,13,0.9,0.5806451612903226,0.7058823529411764,
EXP1 narrative-present sensitivity,direct,EXP1_direct vs PHY_direct,full,single_label,03-01-03,4,3,4,1,0.42857142857142855,0.75,0.5454545454545454,
EXP1 narrative-present sensitivity,direct,EXP1_direct vs PHY_direct,full,single_label,03-01-04,41,25,8,16,0.7575757575757576,0.6097560975609756,0.6756756756756757,
EXP1 narrative-present sensitivity,direct,EXP1_direct vs PHY_direct,full,single_label,03-01-99,0,0,3,0,0.0,,,
EXP1 narrative-present sensitivity,direct,EXP1_direct vs PHY_direct,full,single_label,03-02-00,0,0,32,0,0.0,,,
EXP1 narrative-present sensitivity,direct,EXP1_direct vs PHY_direct,full,single_label,03-02-01,0,0,1,0,0.0,,,
EXP1 narrative-present sensitivity,direct,EXP1_direct vs PHY_direct,full,single_label,03-02-02,1,1,2,0,0.3333333333333333,1.0,0.5,
EXP1 narrative-present sensitivity,direct,EXP1_direct vs PHY_direct,full,single_label,03-03-00,13,0,1,13,0.0,0.0,,
EXP1 narrative-present sensitivity,direct,EXP1_direct vs PHY_direct,full,single_label,03-03-01,1,0,1,1,0.0,0.0,,
EXP1 narrative-present sensitivity,direct,EXP1_direct vs PHY_direct,full,single_label,03-03-02,3,1,4,2,0.2,0.3333333333333333,0.25,
EXP1 narrative-present sensitivity,direct,EXP1_direct vs PHY_direct,full,single_label,03-03-03,2,2,11,0,0.15384615384615385,1.0,0.2666666666666667,
EXP1 narrative-present sensitivity,direct,EXP1_direct vs PHY_direct,full,single_label,03-03-99,0,0,1,0,0.0,,,
EXP1 narrative-present sensitivity,direct,EXP1_direct vs PHY_direct,full,single_label,03-04-00,2,0,1,2,0.0,0.0,,
EXP1 narrative-present sensitivity,direct,EXP1_direct vs PHY_direct,full,single_label,03-04-01,1,1,0,0,1.0,1.0,1.0,
EXP1 narrative-present sensitivity,direct,EXP1_direct vs PHY_direct,full,single_label,03-04-02,1,1,6,0,0.14285714285714285,1.0,0.25,
EXP1 narrative-present sensitivity,direct,EXP1_direct vs PHY_direct,full,single_label,03-04-99,0,0,2,0,0.0,,,
EXP1 narrative-present sensitivity,direct,EXP1_direct vs PHY_direct,full,single_label,03-05-00,1,0,0,1,,0.0,,
EXP1 narrative-present sensitivity,direct,EXP1_direct vs PHY_direct,full,single_label,03-05-01,0,0,6,0,0.0,,,
EXP1 narrative-present sensitivity,direct,EXP1_direct vs PHY_direct,full,single_label,03-06-00,6,0,0,6,,0.0,,
EXP1 narrative-present sensitivity,direct,EXP1_direct vs PHY_direct,full,single_label,03-06-02,1,0,0,1,,0.0,,
EXP1 narrative-present sensitivity,direct,EXP1_direct vs PHY_direct,full,single_label,03-06-03,1,0,0,1,,0.0,,
EXP1 narrative-present sensitivity,direct,EXP1_direct vs PHY_direct,full,single_label,03-06-04,2,0,0,2,,0.0,,
EXP1 narrative-present sensitivity,direct,EXP1_direct vs PHY_direct,full,single_label,03-06-99,0,0,3,0,0.0,,,
EXP1 narrative-present sensitivity,direct,EXP1_direct vs PHY_direct,full,single_label,03-07-01,1,1,2,0,0.3333333333333333,1.0,0.5,
EXP1 narrative-present sensitivity,direct,EXP1_direct vs PHY_direct,full,single_label,03-07-99,0,0,1,0,0.0,,,
EXP1 narrative-present sensitivity,direct,EXP1_direct vs PHY_direct,full,single_label,03-08-00,6,3,4,3,0.42857142857142855,0.5,0.4615384615384615,
EXP1 narrative-present sensitivity,direct,EXP1_direct vs PHY_direct,full,single_label,03-08-01,3,0,2,3,0.0,0.0,,
EXP1 narrative-present sensitivity,direct,EXP1_direct vs PHY_direct,full,single_label,03-09-01,0,0,3,0,0.0,,,
EXP1 narrative-present sensitivity,direct,EXP1_direct vs PHY_direct,full,single_label,04-00-00,2,0,0,2,,0.0,,
EXP1 narrative-present sensitivity,direct,EXP1_direct vs PHY_direct,full,single_label,04-01-00,2,1,1,1,0.5,0.5,0.5,
EXP1 narrative-present sensitivity,direct,EXP1_direct vs PHY_direct,full,single_label,04-02-00,1,0,1,1,0.0,0.0,,
EXP1 narrative-present sensitivity,direct,EXP1_direct vs PHY_direct,full,single_label,04-03-00,2,2,0,0,1.0,1.0,1.0,
EXP1 narrative-present sensitivity,direct,EXP1_direct vs PHY_direct,full,single_label,04-05-00,4,1,0,3,1.0,0.25,0.4,
EXP1 narrative-present sensitivity,direct,EXP1_direct vs PHY_direct,full,single_label,04-06-00,1,1,1,0,0.5,1.0,0.6666666666666666,
EXP1 narrative-present sensitivity,direct,EXP1_direct vs PHY_direct,full,single_label,04-08-00,1,0,0,1,,0.0,,
EXP1 narrative-present sensitivity,direct,EXP1_direct vs PHY_direct,full,single_label,04-09-00,0,0,2,0,0.0,,,
EXP1 narrative-present sensitivity,direct,EXP1_direct vs PHY_direct,full,single_label,04-99-00,0,0,1,0,0.0,,,
EXP1 narrative-present sensitivity,direct,EXP1_direct vs PHY_direct,full,single_label,05-03-00,1,0,2,1,0.0,0.0,,
EXP1 narrative-present sensitivity,direct,EXP1_direct vs PHY_direct,full,single_label,05-05-00,1,1,5,0,0.16666666666666666,1.0,0.2857142857142857,
EXP1 narrative-present sensitivity,direct,EXP1_direct vs PHY_direct,full,single_label,05-06-00,15,7,0,8,1.0,0.4666666666666667,0.6363636363636364,
EXP1 narrative-present sensitivity,direct,EXP1_direct vs PHY_direct,level2,single_label,00-02,0,0,3,0,0.0,,,
EXP1 narrative-present sensitivity,direct,EXP1_direct vs PHY_direct,level2,single_label,00-03,0,0,1,0,0.0,,,
EXP1 narrative-present sensitivity,direct,EXP1_direct vs PHY_direct,level2,single_label,01-00,14,0,0,14,,0.0,,
EXP1 narrative-present sensitivity,direct,EXP1_direct vs PHY_direct,level2,single_label,01-01,92,51,19,41,0.7285714285714285,0.5543478260869565,0.6296296296296297,
EXP1 narrative-present sensitivity,direct,EXP1_direct vs PHY_direct,level2,single_label,01-03,3,0,2,3,0.0,0.0,,
EXP1 narrative-present sensitivity,direct,EXP1_direct vs PHY_direct,level2,single_label,01-04,36,18,14,18,0.5625,0.5,0.5294117647058824,
EXP1 narrative-present sensitivity,direct,EXP1_direct vs PHY_direct,level2,single_label,01-05,2,2,10,0,0.16666666666666666,1.0,0.2857142857142857,
EXP1 narrative-present sensitivity,direct,EXP1_direct vs PHY_direct,level2,single_label,02-03,2,2,2,0,0.5,1.0,0.6666666666666666,
EXP1 narrative-present sensitivity,direct,EXP1_direct vs PHY_direct,level2,single_label,02-05,2,0,0,2,,0.0,,
EXP1 narrative-present sensitivity,direct,EXP1_direct vs PHY_direct,level2,single_label,03-00,3,0,0,3,,0.0,,
EXP1 narrative-present sensitivity,direct,EXP1_direct vs PHY_direct,level2,single_label,03-01,80,59,7,21,0.8939393939393939,0.7375,0.8082191780821918,
EXP1 narrative-present sensitivity,direct,EXP1_direct vs PHY_direct,level2,single_label,03-02,1,1,35,0,0.027777777777777776,1.0,0.05405405405405406,
EXP1 narrative-present sensitivity,direct,EXP1_direct vs PHY_direct,level2,single_label,03-03,19,16,5,3,0.7619047619047619,0.8421052631578947,0.8,
EXP1 narrative-present sensitivity,direct,EXP1_direct vs PHY_direct,level2,single_label,03-04,4,2,9,2,0.18181818181818182,0.5,0.26666666666666666,
EXP1 narrative-present sensitivity,direct,EXP1_direct vs PHY_direct,level2,single_label,03-05,1,1,5,0,0.16666666666666666,1.0,0.2857142857142857,
EXP1 narrative-present sensitivity,direct,EXP1_direct vs PHY_direct,level2,single_label,03-06,10,2,1,8,0.6666666666666666,0.2,0.30769230769230765,
EXP1 narrative-present sensitivity,direct,EXP1_direct vs PHY_direct,level2,single_label,03-07,1,1,3,0,0.25,1.0,0.4,
EXP1 narrative-present sensitivity,direct,EXP1_direct vs PHY_direct,level2,single_label,03-08,9,4,5,5,0.4444444444444444,0.4444444444444444,0.4444444444444444,
EXP1 narrative-present sensitivity,direct,EXP1_direct vs PHY_direct,level2,single_label,03-09,0,0,3,0,0.0,,,
EXP1 narrative-present sensitivity,direct,EXP1_direct vs PHY_direct,level2,single_label,04-00,2,0,0,2,,0.0,,
EXP1 narrative-present sensitivity,direct,EXP1_direct vs PHY_direct,level2,single_label,04-01,2,1,1,1,0.5,0.5,0.5,
EXP1 narrative-present sensitivity,direct,EXP1_direct vs PHY_direct,level2,single_label,04-02,1,0,1,1,0.0,0.0,,
EXP1 narrative-present sensitivity,direct,EXP1_direct vs PHY_direct,level2,single_label,04-03,2,2,0,0,1.0,1.0,1.0,
EXP1 narrative-present sensitivity,direct,EXP1_direct vs PHY_direct,level2,single_label,04-05,4,1,0,3,1.0,0.25,0.4,
EXP1 narrative-present sensitivity,direct,EXP1_direct vs PHY_direct,level2,single_label,04-06,1,1,1,0,0.5,1.0,0.6666666666666666,
EXP1 narrative-present sensitivity,direct,EXP1_direct vs PHY_direct,level2,single_label,04-08,1,0,0,1,,0.0,,
EXP1 narrative-present sensitivity,direct,EXP1_direct vs PHY_direct,level2,single_label,04-09,0,0,2,0,0.0,,,
EXP1 narrative-present sensitivity,direct,EXP1_direct vs PHY_direct,level2,single_label,04-99,0,0,1,0,0.0,,,
EXP1 narrative-present sensitivity,direct,EXP1_direct vs PHY_direct,level2,single_label,05-03,1,0,2,1,0.0,0.0,,
EXP1 narrative-present sensitivity,direct,EXP1_direct vs PHY_direct,level2,single_label,05-05,1,1,5,0,0.16666666666666666,1.0,0.2857142857142857,
EXP1 narrative-present sensitivity,direct,EXP1_direct vs PHY_direct,level2,single_label,05-06,15,7,0,8,1.0,0.4666666666666667,0.6363636363636364,
EXP1 narrative-present sensitivity,direct,EXP1_direct vs PHY_direct,level1,single_label,00,0,0,4,0,0.0,,,
EXP1 narrative-present sensitivity,direct,EXP1_direct vs PHY_direct,level1,single_label,01,147,97,19,50,0.8362068965517241,0.6598639455782312,0.7376425855513308,
EXP1 narrative-present sensitivity,direct,EXP1_direct vs PHY_direct,level1,single_label,02,4,2,2,2,0.5,0.5,0.5,
EXP1 narrative-present sensitivity,direct,EXP1_direct vs PHY_direct,level1,single_label,03,128,110,49,18,0.6918238993710691,0.859375,0.7665505226480837,
EXP1 narrative-present sensitivity,direct,EXP1_direct vs PHY_direct,level1,single_label,04,13,7,4,6,0.6363636363636364,0.5384615384615384,0.5833333333333334,
EXP1 narrative-present sensitivity,direct,EXP1_direct vs PHY_direct,level1,single_label,05,17,15,0,2,1.0,0.8823529411764706,0.9375,
EXP1 narrative-present sensitivity,underlying,EXP1_underlying vs PHY_underlying,full,single_label,00-02-00,0,0,8,0,0.0,,,
EXP1 narrative-present sensitivity,underlying,EXP1_underlying vs PHY_underlying,full,single_label,00-03-00,0,0,10,0,0.0,,,
EXP1 narrative-present sensitivity,underlying,EXP1_underlying vs PHY_underlying,full,single_label,01-00-00,27,0,0,27,,0.0,,
EXP1 narrative-present sensitivity,underlying,EXP1_underlying vs PHY_underlying,full,single_label,01-01-00,208,16,38,192,0.2962962962962963,0.07692307692307693,0.12213740458015268,
EXP1 narrative-present sensitivity,underlying,EXP1_underlying vs PHY_underlying,full,single_label,01-01-01,188,142,222,46,0.3901098901098901,0.7553191489361702,0.5144927536231884,
EXP1 narrative-present sensitivity,underlying,EXP1_underlying vs PHY_underlying,full,single_label,01-01-02,55,37,35,18,0.5138888888888888,0.6727272727272727,0.5826771653543307,
EXP1 narrative-present sensitivity,underlying,EXP1_underlying vs PHY_underlying,full,single_label,01-01-03,0,0,3,0,0.0,,,
EXP1 narrative-present sensitivity,underlying,EXP1_underlying vs PHY_underlying,full,single_label,01-01-04,200,130,75,70,0.6341463414634146,0.65,0.6419753086419754,
EXP1 narrative-present sensitivity,underlying,EXP1_underlying vs PHY_underlying,full,single_label,01-01-05,68,22,42,46,0.34375,0.3235294117647059,0.33333333333333337,
EXP1 narrative-present sensitivity,underlying,EXP1_underlying vs PHY_underlying,full,single_label,01-01-06,14,1,17,13,0.05555555555555555,0.07142857142857142,0.0625,
EXP1 narrative-present sensitivity,underlying,EXP1_underlying vs PHY_underlying,full,single_label,01-01-99,0,0,32,0,0.0,,,
EXP1 narrative-present sensitivity,underlying,EXP1_underlying vs PHY_underlying,full,single_label,01-03-00,16,5,8,11,0.38461538461538464,0.3125,0.3448275862068966,
EXP1 narrative-present sensitivity,underlying,EXP1_underlying vs PHY_underlying,full,single_label,01-04-00,40,1,1,39,0.5,0.025,0.047619047619047616,
EXP1 narrative-present sensitivity,underlying,EXP1_underlying vs PHY_underlying,full,single_label,01-04-01,39,28,98,11,0.2222222222222222,0.717948717948718,0.3393939393939394,
EXP1 narrative-present sensitivity,underlying,EXP1_underlying vs PHY_underlying,full,single_label,01-04-02,770,536,42,234,0.9273356401384083,0.6961038961038961,0.7952522255192879,
EXP1 narrative-present sensitivity,underlying,EXP1_underlying vs PHY_underlying,full,single_label,01-04-03,26,8,9,18,0.47058823529411764,0.3076923076923077,0.372093023255814,
EXP1 narrative-present sensitivity,underlying,EXP1_underlying vs PHY_underlying,full,single_label,01-05-00,52,39,72,13,0.35135135135135137,0.75,0.47852760736196326,
EXP1 narrative-present sensitivity,underlying,EXP1_underlying vs PHY_underlying,full,single_label,01-07-00,3,3,0,0,1.0,1.0,1.0,
EXP1 narrative-present sensitivity,underlying,EXP1_underlying vs PHY_underlying,full,single_label,01-99-00,0,0,26,0,0.0,,,
EXP1 narrative-present sensitivity,underlying,EXP1_underlying vs PHY_underlying,full,single_label,02-00-00,9,0,0,9,,0.0,,
EXP1 narrative-present sensitivity,underlying,EXP1_underlying vs PHY_underlying,full,single_label,02-01-00,6,4,1,2,0.8,0.6666666666666666,0.7272727272727272,
EXP1 narrative-present sensitivity,underlying,EXP1_underlying vs PHY_underlying,full,single_label,02-02-00,4,4,1,0,0.8,1.0,0.888888888888889,
EXP1 narrative-present sensitivity,underlying,EXP1_underlying vs PHY_underlying,full,single_label,02-03-00,17,12,1,5,0.9230769230769231,0.7058823529411765,0.8000000000000002,
EXP1 narrative-present sensitivity,underlying,EXP1_underlying vs PHY_underlying,full,single_label,02-04-00,11,10,56,1,0.15151515151515152,0.9090909090909091,0.25974025974025977,
EXP1 narrative-present sensitivity,underlying,EXP1_underlying vs PHY_underlying,full,single_label,02-05-00,6,4,3,2,0.5714285714285714,0.6666666666666666,0.6153846153846153,
EXP1 narrative-present sensitivity,underlying,EXP1_underlying vs PHY_underlying,full,single_label,02-06-00,1,0,1,1,0.0,0.0,,
EXP1 narrative-present sensitivity,underlying,EXP1_underlying vs PHY_underlying,full,single_label,02-99-00,0,0,7,0,0.0,,,
EXP1 narrative-present sensitivity,underlying,EXP1_underlying vs PHY_underlying,full,single_label,03-00-00,47,0,0,47,,0.0,,
EXP1 narrative-present sensitivity,underlying,EXP1_underlying vs PHY_underlying,full,single_label,03-01-00,24,1,1,23,0.5,0.041666666666666664,0.07692307692307693,
EXP1 narrative-present sensitivity,underlying,EXP1_underlying vs PHY_underlying,full,single_label,03-01-01,117,62,114,55,0.3522727272727273,0.5299145299145299,0.4232081911262799,
EXP1 narrative-present sensitivity,underlying,EXP1_underlying vs PHY_underlying,full,single_label,03-01-02,131,49,21,82,0.7,0.37404580152671757,0.4875621890547263,
EXP1 narrative-present sensitivity,underlying,EXP1_underlying vs PHY_underlying,full,single_label,03-01-03,14,6,30,8,0.16666666666666666,0.42857142857142855,0.24,
EXP1 narrative-present sensitivity,underlying,EXP1_underlying vs PHY_underlying,full,single_label,03-01-04,125,61,65,64,0.48412698412698413,0.488,0.48605577689243024,
EXP1 narrative-present sensitivity,underlying,EXP1_underlying vs PHY_underlying,full,single_label,03-01-99,0,0,31,0,0.0,,,
EXP1 narrative-present sensitivity,underlying,EXP1_underlying vs PHY_underlying,full,single_label,03-02-00,11,0,2,11,0.0,0.0,,
EXP1 narrative-present sensitivity,underlying,EXP1_underlying vs PHY_underlying,full,single_label,03-02-01,0,0,7,0,0.0,,,
EXP1 narrative-present sensitivity,underlying,EXP1_underlying vs PHY_underlying,full,single_label,03-02-02,35,34,14,1,0.7083333333333334,0.9714285714285714,0.8192771084337349,
EXP1 narrative-present sensitivity,underlying,EXP1_underlying vs PHY_underlying,full,single_label,03-02-99,0,0,2,0,0.0,,,
EXP1 narrative-present sensitivity,underlying,EXP1_underlying vs PHY_underlying,full,single_label,03-03-00,94,2,4,92,0.3333333333333333,0.02127659574468085,0.04,
EXP1 narrative-present sensitivity,underlying,EXP1_underlying vs PHY_underlying,full,single_label,03-03-01,6,3,28,3,0.0967741935483871,0.5,0.16216216216216214,
EXP1 narrative-present sensitivity,underlying,EXP1_underlying vs PHY_underlying,full,single_label,03-03-02,50,40,49,10,0.449438202247191,0.8,0.5755395683453237,
EXP1 narrative-present sensitivity,underlying,EXP1_underlying vs PHY_underlying,full,single_label,03-03-03,42,25,23,17,0.5208333333333334,0.5952380952380952,0.5555555555555556,
EXP1 narrative-present sensitivity,underlying,EXP1_underlying vs PHY_underlying,full,single_label,03-03-99,0,0,10,0,0.0,,,
EXP1 narrative-present sensitivity,underlying,EXP1_underlying vs PHY_underlying,full,single_label,03-04-00,34,0,1,34,0.0,0.0,,
EXP1 narrative-present sensitivity,underlying,EXP1_underlying vs PHY_underlying,full,single_label,03-04-01,10,5,4,5,0.5555555555555556,0.5,0.5263157894736842,
EXP1 narrative-present sensitivity,underlying,EXP1_underlying vs PHY_underlying,full,single_label,03-04-02,30,24,16,6,0.6,0.8,0.6857142857142857,
EXP1 narrative-present sensitivity,underlying,EXP1_underlying vs PHY_underlying,full,single_label,03-04-99,0,0,16,0,0.0,,,
EXP1 narrative-present sensitivity,underlying,EXP1_underlying vs PHY_underlying,full,single_label,03-05-00,1,0,0,1,,0.0,,
EXP1 narrative-present sensitivity,underlying,EXP1_underlying vs PHY_underlying,full,single_label,03-05-01,66,47,6,19,0.8867924528301887,0.7121212121212122,0.7899159663865547,
EXP1 narrative-present sensitivity,underlying,EXP1_underlying vs PHY_underlying,full,single_label,03-05-99,0,0,1,0,0.0,,,
EXP1 narrative-present sensitivity,underlying,EXP1_underlying vs PHY_underlying,full,single_label,03-06-00,54,3,3,51,0.5,0.05555555555555555,0.09999999999999999,
EXP1 narrative-present sensitivity,underlying,EXP1_underlying vs PHY_underlying,full,single_label,03-06-01,11,11,2,0,0.8461538461538461,1.0,0.9166666666666666,
EXP1 narrative-present sensitivity,underlying,EXP1_underlying vs PHY_underlying,full,single_label,03-06-02,57,52,5,5,0.9122807017543859,0.9122807017543859,0.9122807017543859,
EXP1 narrative-present sensitivity,underlying,EXP1_underlying vs PHY_underlying,full,single_label,03-06-03,13,8,2,5,0.8,0.6153846153846154,0.6956521739130435,
EXP1 narrative-present sensitivity,underlying,EXP1_underlying vs PHY_underlying,full,single_label,03-06-04,30,10,25,20,0.2857142857142857,0.3333333333333333,0.30769230769230765,
EXP1 narrative-present sensitivity,underlying,EXP1_underlying vs PHY_underlying,full,single_label,03-06-05,6,6,3,0,0.6666666666666666,1.0,0.8,
EXP1 narrative-present sensitivity,underlying,EXP1_underlying vs PHY_underlying,full,single_label,03-06-06,1,1,4,0,0.2,1.0,0.33333333333333337,
EXP1 narrative-present sensitivity,underlying,EXP1_underlying vs PHY_underlying,full,single_label,03-06-07,0,0,22,0,0.0,,,
EXP1 narrative-present sensitivity,underlying,EXP1_underlying vs PHY_underlying,full,single_label,03-06-99,0,0,51,0,0.0,,,
EXP1 narrative-present sensitivity,underlying,EXP1_underlying vs PHY_underlying,full,single_label,03-07-00,16,0,0,16,,0.0,,
EXP1 narrative-present sensitivity,underlying,EXP1_underlying vs PHY_underlying,full,single_label,03-07-01,16,4,24,12,0.14285714285714285,0.25,0.18181818181818182,
EXP1 narrative-present sensitivity,underlying,EXP1_underlying vs PHY_underlying,full,single_label,03-07-99,0,0,14,0,0.0,,,
EXP1 narrative-present sensitivity,underlying,EXP1_underlying vs PHY_underlying,full,single_label,03-08-00,33,6,16,27,0.2727272727272727,0.18181818181818182,0.21818181818181817,
EXP1 narrative-present sensitivity,underlying,EXP1_underlying vs PHY_underlying,full,single_label,03-08-01,11,0,0,11,,0.0,,
EXP1 narrative-present sensitivity,underlying,EXP1_underlying vs PHY_underlying,full,single_label,03-08-99,0,0,6,0,0.0,,,
EXP1 narrative-present sensitivity,underlying,EXP1_underlying vs PHY_underlying,full,single_label,03-09-00,3,0,0,3,,0.0,,
EXP1 narrative-present sensitivity,underlying,EXP1_underlying vs PHY_underlying,full,single_label,03-09-01,53,36,39,17,0.48,0.6792452830188679,0.5625000000000001,
EXP1 narrative-present sensitivity,underlying,EXP1_underlying vs PHY_underlying,full,single_label,03-99-00,0,0,18,0,0.0,,,
EXP1 narrative-present sensitivity,underlying,EXP1_underlying vs PHY_underlying,full,single_label,04-00-00,30,0,0,30,,0.0,,
EXP1 narrative-present sensitivity,underlying,EXP1_underlying vs PHY_underlying,full,single_label,04-01-00,55,54,4,1,0.9310344827586207,0.9818181818181818,0.9557522123893805,
EXP1 narrative-present sensitivity,underlying,EXP1_underlying vs PHY_underlying,full,single_label,04-02-00,19,14,7,5,0.6666666666666666,0.7368421052631579,0.7,
EXP1 narrative-present sensitivity,underlying,EXP1_underlying vs PHY_underlying,full,single_label,04-03-00,53,46,0,7,1.0,0.8679245283018868,0.9292929292929293,
EXP1 narrative-present sensitivity,underlying,EXP1_underlying vs PHY_underlying,full,single_label,04-04-00,5,2,1,3,0.6666666666666666,0.4,0.5,
EXP1 narrative-present sensitivity,underlying,EXP1_underlying vs PHY_underlying,full,single_label,04-05-00,49,24,8,25,0.75,0.4897959183673469,0.5925925925925924,
EXP1 narrative-present sensitivity,underlying,EXP1_underlying vs PHY_underlying,full,single_label,04-06-00,12,11,6,1,0.6470588235294118,0.9166666666666666,0.7586206896551724,
EXP1 narrative-present sensitivity,underlying,EXP1_underlying vs PHY_underlying,full,single_label,04-07-00,3,3,2,0,0.6,1.0,0.7499999999999999,
EXP1 narrative-present sensitivity,underlying,EXP1_underlying vs PHY_underlying,full,single_label,04-08-00,25,23,5,2,0.8214285714285714,0.92,0.8679245283018867,
EXP1 narrative-present sensitivity,underlying,EXP1_underlying vs PHY_underlying,full,single_label,04-09-00,1,1,4,0,0.2,1.0,0.33333333333333337,
EXP1 narrative-present sensitivity,underlying,EXP1_underlying vs PHY_underlying,full,single_label,04-99-00,0,0,14,0,0.0,,,
EXP1 narrative-present sensitivity,underlying,EXP1_underlying vs PHY_underlying,full,single_label,05-00-00,24,2,2,22,0.5,0.08333333333333333,0.14285714285714285,
EXP1 narrative-present sensitivity,underlying,EXP1_underlying vs PHY_underlying,full,single_label,05-03-00,112,103,20,9,0.8373983739837398,0.9196428571428571,0.876595744680851,
EXP1 narrative-present sensitivity,underlying,EXP1_underlying vs PHY_underlying,full,single_label,05-04-00,28,14,6,14,0.7,0.5,0.5833333333333334,
EXP1 narrative-present sensitivity,underlying,EXP1_underlying vs PHY_underlying,full,single_label,05-05-00,166,104,13,62,0.8888888888888888,0.6265060240963856,0.7349823321554769,
EXP1 narrative-present sensitivity,underlying,EXP1_underlying vs PHY_underlying,full,single_label,05-06-00,97,65,23,32,0.7386363636363636,0.6701030927835051,0.7027027027027026,
EXP1 narrative-present sensitivity,underlying,EXP1_underlying vs PHY_underlying,full,single_label,05-08-00,4,4,7,0,0.36363636363636365,1.0,0.5333333333333333,
EXP1 narrative-present sensitivity,underlying,EXP1_underlying vs PHY_underlying,full,single_label,05-09-00,0,0,1,0,0.0,,,
EXP1 narrative-present sensitivity,underlying,EXP1_underlying vs PHY_underlying,full,single_label,05-99-00,0,0,6,0,0.0,,,
EXP1 narrative-present sensitivity,underlying,EXP1_underlying vs PHY_underlying,level2,single_label,00-02,0,0,8,0,0.0,,,
EXP1 narrative-present sensitivity,underlying,EXP1_underlying vs PHY_underlying,level2,single_label,00-03,0,0,10,0,0.0,,,
EXP1 narrative-present sensitivity,underlying,EXP1_underlying vs PHY_underlying,level2,single_label,01-00,27,0,0,27,,0.0,,
EXP1 narrative-present sensitivity,underlying,EXP1_underlying vs PHY_underlying,level2,single_label,01-01,733,587,225,146,0.7229064039408867,0.800818553888131,0.7598705501618124,
EXP1 narrative-present sensitivity,underlying,EXP1_underlying vs PHY_underlying,level2,single_label,01-03,16,5,8,11,0.38461538461538464,0.3125,0.3448275862068966,
EXP1 narrative-present sensitivity,underlying,EXP1_underlying vs PHY_underlying,level2,single_label,01-04,875,672,51,203,0.9294605809128631,0.768,0.8410513141426783,
EXP1 narrative-present sensitivity,underlying,EXP1_underlying vs PHY_underlying,level2,single_label,01-05,52,39,72,13,0.35135135135135137,0.75,0.47852760736196326,
EXP1 narrative-present sensitivity,underlying,EXP1_underlying vs PHY_underlying,level2,single_label,01-07,3,3,0,0,1.0,1.0,1.0,
EXP1 narrative-present sensitivity,underlying,EXP1_underlying vs PHY_underlying,level2,single_label,01-99,0,0,26,0,0.0,,,
EXP1 narrative-present sensitivity,underlying,EXP1_underlying vs PHY_underlying,level2,single_label,02-00,9,0,0,9,,0.0,,
EXP1 narrative-present sensitivity,underlying,EXP1_underlying vs PHY_underlying,level2,single_label,02-01,6,4,1,2,0.8,0.6666666666666666,0.7272727272727272,
EXP1 narrative-present sensitivity,underlying,EXP1_underlying vs PHY_underlying,level2,single_label,02-02,4,4,1,0,0.8,1.0,0.888888888888889,
EXP1 narrative-present sensitivity,underlying,EXP1_underlying vs PHY_underlying,level2,single_label,02-03,17,12,1,5,0.9230769230769231,0.7058823529411765,0.8000000000000002,
EXP1 narrative-present sensitivity,underlying,EXP1_underlying vs PHY_underlying,level2,single_label,02-04,11,10,56,1,0.15151515151515152,0.9090909090909091,0.25974025974025977,
EXP1 narrative-present sensitivity,underlying,EXP1_underlying vs PHY_underlying,level2,single_label,02-05,6,4,3,2,0.5714285714285714,0.6666666666666666,0.6153846153846153,
EXP1 narrative-present sensitivity,underlying,EXP1_underlying vs PHY_underlying,level2,single_label,02-06,1,0,1,1,0.0,0.0,,
EXP1 narrative-present sensitivity,underlying,EXP1_underlying vs PHY_underlying,level2,single_label,02-99,0,0,7,0,0.0,,,
EXP1 narrative-present sensitivity,underlying,EXP1_underlying vs PHY_underlying,level2,single_label,03-00,47,0,0,47,,0.0,,
EXP1 narrative-present sensitivity,underlying,EXP1_underlying vs PHY_underlying,level2,single_label,03-01,411,339,102,72,0.7687074829931972,0.8248175182481752,0.7957746478873239,
EXP1 narrative-present sensitivity,underlying,EXP1_underlying vs PHY_underlying,level2,single_label,03-02,46,36,23,10,0.6101694915254238,0.782608695652174,0.6857142857142858,
EXP1 narrative-present sensitivity,underlying,EXP1_underlying vs PHY_underlying,level2,single_label,03-03,192,123,61,69,0.6684782608695652,0.640625,0.6542553191489361,
EXP1 narrative-present sensitivity,underlying,EXP1_underlying vs PHY_underlying,level2,single_label,03-04,74,40,26,34,0.6060606060606061,0.5405405405405406,0.5714285714285714,
EXP1 narrative-present sensitivity,underlying,EXP1_underlying vs PHY_underlying,level2,single_label,03-05,67,47,7,20,0.8703703703703703,0.7014925373134329,0.7768595041322315,
EXP1 narrative-present sensitivity,underlying,EXP1_underlying vs PHY_underlying,level2,single_label,03-06,172,152,56,20,0.7307692307692307,0.8837209302325582,0.8,
EXP1 narrative-present sensitivity,underlying,EXP1_underlying vs PHY_underlying,level2,single_label,03-07,32,17,25,15,0.40476190476190477,0.53125,0.4594594594594595,
EXP1 narrative-present sensitivity,underlying,EXP1_underlying vs PHY_underlying,level2,single_label,03-08,44,10,18,34,0.35714285714285715,0.22727272727272727,0.2777777777777778,
EXP1 narrative-present sensitivity,underlying,EXP1_underlying vs PHY_underlying,level2,single_label,03-09,56,37,38,19,0.49333333333333335,0.6607142857142857,0.5648854961832062,
EXP1 narrative-present sensitivity,underlying,EXP1_underlying vs PHY_underlying,level2,single_label,03-99,0,0,18,0,0.0,,,
EXP1 narrative-present sensitivity,underlying,EXP1_underlying vs PHY_underlying,level2,single_label,04-00,30,0,0,30,,0.0,,
EXP1 narrative-present sensitivity,underlying,EXP1_underlying vs PHY_underlying,level2,single_label,04-01,55,54,4,1,0.9310344827586207,0.9818181818181818,0.9557522123893805,
EXP1 narrative-present sensitivity,underlying,EXP1_underlying vs PHY_underlying,level2,single_label,04-02,19,14,7,5,0.6666666666666666,0.7368421052631579,0.7,
EXP1 narrative-present sensitivity,underlying,EXP1_underlying vs PHY_underlying,level2,single_label,04-03,53,46,0,7,1.0,0.8679245283018868,0.9292929292929293,
EXP1 narrative-present sensitivity,underlying,EXP1_underlying vs PHY_underlying,level2,single_label,04-04,5,2,1,3,0.6666666666666666,0.4,0.5,
EXP1 narrative-present sensitivity,underlying,EXP1_underlying vs PHY_underlying,level2,single_label,04-05,49,24,8,25,0.75,0.4897959183673469,0.5925925925925924,
EXP1 narrative-present sensitivity,underlying,EXP1_underlying vs PHY_underlying,level2,single_label,04-06,12,11,6,1,0.6470588235294118,0.9166666666666666,0.7586206896551724,
EXP1 narrative-present sensitivity,underlying,EXP1_underlying vs PHY_underlying,level2,single_label,04-07,3,3,2,0,0.6,1.0,0.7499999999999999,
EXP1 narrative-present sensitivity,underlying,EXP1_underlying vs PHY_underlying,level2,single_label,04-08,25,23,5,2,0.8214285714285714,0.92,0.8679245283018867,
EXP1 narrative-present sensitivity,underlying,EXP1_underlying vs PHY_underlying,level2,single_label,04-09,1,1,4,0,0.2,1.0,0.33333333333333337,
EXP1 narrative-present sensitivity,underlying,EXP1_underlying vs PHY_underlying,level2,single_label,04-99,0,0,14,0,0.0,,,
EXP1 narrative-present sensitivity,underlying,EXP1_underlying vs PHY_underlying,level2,single_label,05-00,24,2,2,22,0.5,0.08333333333333333,0.14285714285714285,
EXP1 narrative-present sensitivity,underlying,EXP1_underlying vs PHY_underlying,level2,single_label,05-03,112,103,20,9,0.8373983739837398,0.9196428571428571,0.876595744680851,
EXP1 narrative-present sensitivity,underlying,EXP1_underlying vs PHY_underlying,level2,single_label,05-04,28,14,6,14,0.7,0.5,0.5833333333333334,
EXP1 narrative-present sensitivity,underlying,EXP1_underlying vs PHY_underlying,level2,single_label,05-05,166,104,13,62,0.8888888888888888,0.6265060240963856,0.7349823321554769,
EXP1 narrative-present sensitivity,underlying,EXP1_underlying vs PHY_underlying,level2,single_label,05-06,97,65,23,32,0.7386363636363636,0.6701030927835051,0.7027027027027026,
EXP1 narrative-present sensitivity,underlying,EXP1_underlying vs PHY_underlying,level2,single_label,05-08,4,4,7,0,0.36363636363636365,1.0,0.5333333333333333,
EXP1 narrative-present sensitivity,underlying,EXP1_underlying vs PHY_underlying,level2,single_label,05-09,0,0,1,0,0.0,,,
EXP1 narrative-present sensitivity,underlying,EXP1_underlying vs PHY_underlying,level2,single_label,05-99,0,0,6,0,0.0,,,
EXP1 narrative-present sensitivity,underlying,EXP1_underlying vs PHY_underlying,level1,single_label,00,0,0,18,0,0.0,,,
EXP1 narrative-present sensitivity,underlying,EXP1_underlying vs PHY_underlying,level1,single_label,01,1706,1521,167,185,0.9010663507109005,0.891559202813599,0.896287566293459,
EXP1 narrative-present sensitivity,underlying,EXP1_underlying vs PHY_underlying,level1,single_label,02,54,49,55,5,0.47115384615384615,0.9074074074074074,0.620253164556962,
EXP1 narrative-present sensitivity,underlying,EXP1_underlying vs PHY_underlying,level1,single_label,03,1141,981,194,160,0.8348936170212766,0.85977212971078,0.8471502590673574,
EXP1 narrative-present sensitivity,underlying,EXP1_underlying vs PHY_underlying,level1,single_label,04,252,212,17,40,0.925764192139738,0.8412698412698413,0.8814968814968815,
EXP1 narrative-present sensitivity,underlying,EXP1_underlying vs PHY_underlying,level1,single_label,05,431,349,21,82,0.9432432432432433,0.8097447795823666,0.8714107365792758,
EXP1 narrative-present sensitivity,contributory,EXP1_contrib_set vs PHY_contrib,full,multi_label,00-02-00,0,0,4,0,0.0,,,0.0
EXP1 narrative-present sensitivity,contributory,EXP1_contrib_set vs PHY_contrib,full,multi_label,01-00-00,1,0,0,1,,0.0,,0.0
EXP1 narrative-present sensitivity,contributory,EXP1_contrib_set vs PHY_contrib,full,multi_label,01-01-00,2,0,12,2,0.0,0.0,,-0.016359918200407997
EXP1 narrative-present sensitivity,contributory,EXP1_contrib_set vs PHY_contrib,full,multi_label,01-01-01,3,0,8,3,0.0,0.0,,-0.020915032679739515
EXP1 narrative-present sensitivity,contributory,EXP1_contrib_set vs PHY_contrib,full,multi_label,01-01-02,0,0,1,0,0.0,,,0.0
EXP1 narrative-present sensitivity,contributory,EXP1_contrib_set vs PHY_contrib,full,multi_label,01-01-03,0,0,1,0,0.0,,,0.0
EXP1 narrative-present sensitivity,contributory,EXP1_contrib_set vs PHY_contrib,full,multi_label,01-01-04,1,0,19,1,0.0,0.0,,-0.009000473709143987
EXP1 narrative-present sensitivity,contributory,EXP1_contrib_set vs PHY_contrib,full,multi_label,01-01-05,0,0,6,0,0.0,,,0.0
EXP1 narrative-present sensitivity,contributory,EXP1_contrib_set vs PHY_contrib,full,multi_label,01-01-06,0,0,3,0,0.0,,,0.0
EXP1 narrative-present sensitivity,contributory,EXP1_contrib_set vs PHY_contrib,full,multi_label,01-01-99,0,0,6,0,0.0,,,0.0
EXP1 narrative-present sensitivity,contributory,EXP1_contrib_set vs PHY_contrib,full,multi_label,01-03-00,0,0,2,0,0.0,,,0.0
EXP1 narrative-present sensitivity,contributory,EXP1_contrib_set vs PHY_contrib,full,multi_label,01-04-00,3,0,0,3,,0.0,,0.0
EXP1 narrative-present sensitivity,contributory,EXP1_contrib_set vs PHY_contrib,full,multi_label,01-04-01,0,0,9,0,0.0,,,0.0
EXP1 narrative-present sensitivity,contributory,EXP1_contrib_set vs PHY_contrib,full,multi_label,01-04-02,26,15,6,11,0.7142857142857143,0.5769230769230769,0.6382978723404256,0.5940127817019841
EXP1 narrative-present sensitivity,contributory,EXP1_contrib_set vs PHY_contrib,full,multi_label,01-04-03,0,0,2,0,0.0,,,0.0
EXP1 narrative-present sensitivity,contributory,EXP1_contrib_set vs PHY_contrib,full,multi_label,01-04-99,0,0,2,0,0.0,,,0.0
EXP1 narrative-present sensitivity,contributory,EXP1_contrib_set vs PHY_contrib,full,multi_label,01-05-00,1,0,12,1,0.0,0.0,,-0.008743169398907492
EXP1 narrative-present sensitivity,contributory,EXP1_contrib_set vs PHY_contrib,full,multi_label,01-99-00,0,0,9,0,0.0,,,0.0
EXP1 narrative-present sensitivity,contributory,EXP1_contrib_set vs PHY_contrib,full,multi_label,02-00-00,1,0,0,1,,0.0,,0.0
EXP1 narrative-present sensitivity,contributory,EXP1_contrib_set vs PHY_contrib,full,multi_label,02-03-00,0,0,1,0,0.0,,,0.0
EXP1 narrative-present sensitivity,contributory,EXP1_contrib_set vs PHY_contrib,full,multi_label,03-00-00,2,0,0,2,,0.0,,0.0
EXP1 narrative-present sensitivity,contributory,EXP1_contrib_set vs PHY_contrib,full,multi_label,03-01-01,60,35,37,25,0.4861111111111111,0.5833333333333334,0.5303030303030304,0.32193468884781273
EXP1 narrative-present sensitivity,contributory,EXP1_contrib_set vs PHY_contrib,full,multi_label,03-01-02,1,0,5,1,0.0,0.0,,-0.007886435331231312
EXP1 narrative-present sensitivity,contributory,EXP1_contrib_set vs PHY_contrib,full,multi_label,03-01-03,0,0,2,0,0.0,,,0.0
EXP1 narrative-present sensitivity,contributory,EXP1_contrib_set vs PHY_contrib,full,multi_label,03-01-04,18,3,12,15,0.2,0.16666666666666666,0.1818181818181818,0.11373092926490977
EXP1 narrative-present sensitivity,contributory,EXP1_contrib_set vs PHY_contrib,full,multi_label,03-01-99,0,0,13,0,0.0,,,0.0
EXP1 narrative-present sensitivity,contributory,EXP1_contrib_set vs PHY_contrib,full,multi_label,03-02-00,0,0,8,0,0.0,,,0.0
EXP1 narrative-present sensitivity,contributory,EXP1_contrib_set vs PHY_contrib,full,multi_label,03-02-01,1,0,2,1,0.0,0.0,,-0.006299212598422824
EXP1 narrative-present sensitivity,contributory,EXP1_contrib_set vs PHY_contrib,full,multi_label,03-02-02,2,1,3,1,0.25,0.5,0.3333333333333333,0.32488114104595667
EXP1 narrative-present sensitivity,contributory,EXP1_contrib_set vs PHY_contrib,full,multi_label,03-02-99,0,0,2,0,0.0,,,0.0
EXP1 narrative-present sensitivity,contributory,EXP1_contrib_set vs PHY_contrib,full,multi_label,03-03-00,1,0,1,1,0.0,0.0,,-0.00471698113209755
EXP1 narrative-present sensitivity,contributory,EXP1_contrib_set vs PHY_contrib,full,multi_label,03-03-01,0,0,2,0,0.0,,,0.0
EXP1 narrative-present sensitivity,contributory,EXP1_contrib_set vs PHY_contrib,full,multi_label,03-03-02,0,0,3,0,0.0,,,0.0
EXP1 narrative-present sensitivity,contributory,EXP1_contrib_set vs PHY_contrib,full,multi_label,03-03-03,0,0,1,0,0.0,,,0.0
EXP1 narrative-present sensitivity,contributory,EXP1_contrib_set vs PHY_contrib,full,multi_label,03-03-99,0,0,6,0,0.0,,,0.0
EXP1 narrative-present sensitivity,contributory,EXP1_contrib_set vs PHY_contrib,full,multi_label,03-04-00,2,0,1,2,0.0,0.0,,-0.006299212598422824
EXP1 narrative-present sensitivity,contributory,EXP1_contrib_set vs PHY_contrib,full,multi_label,03-04-01,1,1,6,0,0.14285714285714285,1.0,0.25,0.24378698224852155
EXP1 narrative-present sensitivity,contributory,EXP1_contrib_set vs PHY_contrib,full,multi_label,03-04-02,7,3,3,4,0.5,0.42857142857142855,0.4615384615384615,0.4446927374301673
EXP1 narrative-present sensitivity,contributory,EXP1_contrib_set vs PHY_contrib,full,multi_label,03-04-99,0,0,14,0,0.0,,,0.0
EXP1 narrative-present sensitivity,contributory,EXP1_contrib_set vs PHY_contrib,full,multi_label,03-05-01,32,26,18,6,0.5909090909090909,0.8125,0.6842105263157896,0.6177086449297039
EXP1 narrative-present sensitivity,contributory,EXP1_contrib_set vs PHY_contrib,full,multi_label,03-05-99,0,0,1,0,0.0,,,0.0
EXP1 narrative-present sensitivity,contributory,EXP1_contrib_set vs PHY_contrib,full,multi_label,03-06-00,1,0,0,1,,0.0,,0.0
EXP1 narrative-present sensitivity,contributory,EXP1_contrib_set vs PHY_contrib,full,multi_label,03-06-02,1,1,0,0,1.0,1.0,1.0,1.0
EXP1 narrative-present sensitivity,contributory,EXP1_contrib_set vs PHY_contrib,full,multi_label,03-06-04,0,0,1,0,0.0,,,0.0
EXP1 narrative-present sensitivity,contributory,EXP1_contrib_set vs PHY_contrib,full,multi_label,03-06-06,0,0,1,0,0.0,,,0.0
EXP1 narrative-present sensitivity,contributory,EXP1_contrib_set vs PHY_contrib,full,multi_label,03-06-99,0,0,3,0,0.0,,,0.0
EXP1 narrative-present sensitivity,contributory,EXP1_contrib_set vs PHY_contrib,full,multi_label,03-07-01,1,0,8,1,0.0,0.0,,-0.008416622830094242
EXP1 narrative-present sensitivity,contributory,EXP1_contrib_set vs PHY_contrib,full,multi_label,03-07-99,0,0,9,0,0.0,,,0.0
EXP1 narrative-present sensitivity,contributory,EXP1_contrib_set vs PHY_contrib,full,multi_label,03-08-00,13,6,23,7,0.20689655172413793,0.46153846153846156,0.28571428571428575,0.21997070312499928
EXP1 narrative-present sensitivity,contributory,EXP1_contrib_set vs PHY_contrib,full,multi_label,03-08-01,10,0,0,10,,0.0,,0.0
EXP1 narrative-present sensitivity,contributory,EXP1_contrib_set vs PHY_contrib,full,multi_label,03-08-99,0,0,18,0,0.0,,,0.0
EXP1 narrative-present sensitivity,contributory,EXP1_contrib_set vs PHY_contrib,full,multi_label,03-09-00,2,0,0,2,,0.0,,0.0
EXP1 narrative-present sensitivity,contributory,EXP1_contrib_set vs PHY_contrib,full,multi_label,03-09-01,8,3,26,5,0.10344827586206896,0.375,0.16216216216216217,0.10974787649993276
EXP1 narrative-present sensitivity,contributory,EXP1_contrib_set vs PHY_contrib,full,multi_label,03-09-99,0,0,1,0,0.0,,,0.0
EXP1 narrative-present sensitivity,contributory,EXP1_contrib_set vs PHY_contrib,full,multi_label,03-99-00,0,0,16,0,0.0,,,0.0
EXP1 narrative-present sensitivity,contributory,EXP1_contrib_set vs PHY_contrib,full,multi_label,04-00-00,1,0,0,1,,0.0,,0.0
EXP1 narrative-present sensitivity,contributory,EXP1_contrib_set vs PHY_contrib,full,multi_label,04-01-00,1,0,1,1,0.0,0.0,,-0.00471698113209755
EXP1 narrative-present sensitivity,contributory,EXP1_contrib_set vs PHY_contrib,full,multi_label,04-02-00,1,0,4,1,0.0,0.0,,-0.007568590350044436
EXP1 narrative-present sensitivity,contributory,EXP1_contrib_set vs PHY_contrib,full,multi_label,04-05-00,1,0,0,1,,0.0,,0.0
EXP1 narrative-present sensitivity,contributory,EXP1_contrib_set vs PHY_contrib,full,multi_label,04-99-00,0,0,5,0,0.0,,,0.0
EXP1 narrative-present sensitivity,contributory,EXP1_contrib_set vs PHY_contrib,full,multi_label,05-03-00,4,1,3,3,0.25,0.25,0.25,0.23564593301435802
EXP1 narrative-present sensitivity,contributory,EXP1_contrib_set vs PHY_contrib,full,multi_label,05-04-00,1,0,2,1,0.0,0.0,,-0.006299212598422824
EXP1 narrative-present sensitivity,contributory,EXP1_contrib_set vs PHY_contrib,full,multi_label,05-05-00,3,2,3,1,0.4,0.6666666666666666,0.5,0.4910394265232948
EXP1 narrative-present sensitivity,contributory,EXP1_contrib_set vs PHY_contrib,full,multi_label,05-99-00,0,0,3,0,0.0,,,0.0
EXP1 narrative-present sensitivity,contributory,EXP1_contrib_set vs PHY_contrib,full,multi_label,BLANK,0,0,2,0,0.0,,,0.0
EXP1 narrative-present sensitivity,contributory,EXP1_contrib_set vs PHY_contrib,level2,multi_label,00-02,0,0,4,0,0.0,,,0.0
EXP1 narrative-present sensitivity,contributory,EXP1_contrib_set vs PHY_contrib,level2,multi_label,01-00,1,0,0,1,,0.0,,0.0
EXP1 narrative-present sensitivity,contributory,EXP1_contrib_set vs PHY_contrib,level2,multi_label,01-01,6,2,49,4,0.0392156862745098,0.3333333333333333,0.07017543859649122,0.020817069997397478
EXP1 narrative-present sensitivity,contributory,EXP1_contrib_set vs PHY_contrib,level2,multi_label,01-03,0,0,2,0,0.0,,,0.0
EXP1 narrative-present sensitivity,contributory,EXP1_contrib_set vs PHY_contrib,level2,multi_label,01-04,29,18,11,11,0.6206896551724138,0.6206896551724138,0.6206896551724138,0.5609070464767614
EXP1 narrative-present sensitivity,contributory,EXP1_contrib_set vs PHY_contrib,level2,multi_label,01-05,1,0,12,1,0.0,0.0,,-0.008743169398907492
EXP1 narrative-present sensitivity,contributory,EXP1_contrib_set vs PHY_contrib,level2,multi_label,01-99,0,0,9,0,0.0,,,0.0
EXP1 narrative-present sensitivity,contributory,EXP1_contrib_set vs PHY_contrib,level2,multi_label,02-00,1,0,0,1,,0.0,,0.0
EXP1 narrative-present sensitivity,contributory,EXP1_contrib_set vs PHY_contrib,level2,multi_label,02-03,0,0,1,0,0.0,,,0.0
EXP1 narrative-present sensitivity,contributory,EXP1_contrib_set vs PHY_contrib,level2,multi_label,03-00,2,0,0,2,,0.0,,0.0
EXP1 narrative-present sensitivity,contributory,EXP1_contrib_set vs PHY_contrib,level2,multi_label,03-01,79,59,33,20,0.6413043478260869,0.7468354430379747,0.6900584795321637,0.48421437382921356
EXP1 narrative-present sensitivity,contributory,EXP1_contrib_set vs PHY_contrib,level2,multi_label,03-02,3,2,14,1,0.125,0.6666666666666666,0.21052631578947367,0.19134396355352928
EXP1 narrative-present sensitivity,contributory,EXP1_contrib_set vs PHY_contrib,level2,multi_label,03-03,1,0,13,1,0.0,0.0,,-0.008795669824084995
EXP1 narrative-present sensitivity,contributory,EXP1_contrib_set vs PHY_contrib,level2,multi_label,03-04,10,6,21,4,0.2222222222222222,0.6,0.32432432432432434,0.2746219861054355
EXP1 narrative-present sensitivity,contributory,EXP1_contrib_set vs PHY_contrib,level2,multi_label,03-05,32,26,19,6,0.5777777777777777,0.8125,0.6753246753246752,0.606168182826714
EXP1 narrative-present sensitivity,contributory,EXP1_contrib_set vs PHY_contrib,level2,multi_label,03-06,2,1,5,1,0.16666666666666666,0.5,0.25,0.23928571428571455
EXP1 narrative-present sensitivity,contributory,EXP1_contrib_set vs PHY_contrib,level2,multi_label,03-07,1,0,17,1,0.0,0.0,,-0.008947368421053252
EXP1 narrative-present sensitivity,contributory,EXP1_contrib_set vs PHY_contrib,level2,multi_label,03-08,23,14,33,9,0.2978723404255319,0.6086956521739131,0.39999999999999997,0.29824286162535313
EXP1 narrative-present sensitivity,contributory,EXP1_contrib_set vs PHY_contrib,level2,multi_label,03-09,10,4,25,6,0.13793103448275862,0.4,0.20512820512820515,0.14546395755144254
EXP1 narrative-present sensitivity,contributory,EXP1_contrib_set vs PHY_contrib,level2,multi_label,03-99,0,0,16,0,0.0,,,0.0
EXP1 narrative-present sensitivity,contributory,EXP1_contrib_set vs PHY_contrib,level2,multi_label,04-00,1,0,0,1,,0.0,,0.0
EXP1 narrative-present sensitivity,contributory,EXP1_contrib_set vs PHY_contrib,level2,multi_label,04-01,1,0,1,1,0.0,0.0,,-0.00471698113209755
EXP1 narrative-present sensitivity,contributory,EXP1_contrib_set vs PHY_contrib,level2,multi_label,04-02,1,0,4,1,0.0,0.0,,-0.007568590350044436
EXP1 narrative-present sensitivity,contributory,EXP1_contrib_set vs PHY_contrib,level2,multi_label,04-05,1,0,0,1,,0.0,,0.0
EXP1 narrative-present sensitivity,contributory,EXP1_contrib_set vs PHY_contrib,level2,multi_label,04-99,0,0,5,0,0.0,,,0.0
EXP1 narrative-present sensitivity,contributory,EXP1_contrib_set vs PHY_contrib,level2,multi_label,05-03,4,1,3,3,0.25,0.25,0.25,0.23564593301435802
EXP1 narrative-present sensitivity,contributory,EXP1_contrib_set vs PHY_contrib,level2,multi_label,05-04,1,0,2,1,0.0,0.0,,-0.006299212598422824
EXP1 narrative-present sensitivity,contributory,EXP1_contrib_set vs PHY_contrib,level2,multi_label,05-05,3,2,3,1,0.4,0.6666666666666666,0.5,0.4910394265232948
EXP1 narrative-present sensitivity,contributory,EXP1_contrib_set vs PHY_contrib,level2,multi_label,05-99,0,0,3,0,0.0,,,0.0
EXP1 narrative-present sensitivity,contributory,EXP1_contrib_set vs PHY_contrib,level2,multi_label,BLANK,0,0,2,0,0.0,,,0.0
EXP1 narrative-present sensitivity,contributory,EXP1_contrib_set vs PHY_contrib,level1,multi_label,00,0,0,4,0,0.0,,,0.0
EXP1 narrative-present sensitivity,contributory,EXP1_contrib_set vs PHY_contrib,level1,multi_label,01,37,28,59,9,0.3218390804597701,0.7567567567567568,0.45161290322580644,0.27485731450886164
EXP1 narrative-present sensitivity,contributory,EXP1_contrib_set vs PHY_contrib,level1,multi_label,02,1,0,1,1,0.0,0.0,,-0.00471698113209755
EXP1 narrative-present sensitivity,contributory,EXP1_contrib_set vs PHY_contrib,level1,multi_label,03,163,150,30,13,0.8333333333333334,0.9202453987730062,0.8746355685131195,0.36302941790110566
EXP1 narrative-present sensitivity,contributory,EXP1_contrib_set vs PHY_contrib,level1,multi_label,04,4,1,9,3,0.1,0.25,0.14285714285714288,0.11922811853893889
EXP1 narrative-present sensitivity,contributory,EXP1_contrib_set vs PHY_contrib,level1,multi_label,05,8,7,4,1,0.6363636363636364,0.875,0.7368421052631579,0.7248772926892271
EXP1 narrative-present sensitivity,contributory,EXP1_contrib_set vs PHY_contrib,level1,multi_label,BLANK,0,0,2,0,0.0,,,0.0
