evaluation,experiment,comparison,level,error_type,code,n_cases
EXP1 narrative-present sensitivity,EXP1,EXP1_pooled_any_type vs PHY_pooled_any_type,full,false_negative_phy_code_missed_by_llm,01-01-00,152
EXP1 narrative-present sensitivity,EXP1,EXP1_pooled_any_type vs PHY_pooled_any_type,full,false_negative_phy_code_missed_by_llm,01-04-02,151
EXP1 narrative-present sensitivity,EXP1,EXP1_pooled_any_type vs PHY_pooled_any_type,full,false_negative_phy_code_missed_by_llm,03-03-00,98
EXP1 narrative-present sensitivity,EXP1,EXP1_pooled_any_type vs PHY_pooled_any_type,full,false_negative_phy_code_missed_by_llm,03-06-00,56
EXP1 narrative-present sensitivity,EXP1,EXP1_pooled_any_type vs PHY_pooled_any_type,full,false_negative_phy_code_missed_by_llm,03-00-00,52
EXP1 narrative-present sensitivity,EXP1,EXP1_pooled_any_type vs PHY_pooled_any_type,full,false_negative_phy_code_missed_by_llm,01-04-00,45
EXP1 narrative-present sensitivity,EXP1,EXP1_pooled_any_type vs PHY_pooled_any_type,full,false_negative_phy_code_missed_by_llm,01-00-00,42
EXP1 narrative-present sensitivity,EXP1,EXP1_pooled_any_type vs PHY_pooled_any_type,full,false_negative_phy_code_missed_by_llm,01-01-01,42
EXP1 narrative-present sensitivity,EXP1,EXP1_pooled_any_type vs PHY_pooled_any_type,full,false_negative_phy_code_missed_by_llm,01-01-05,40
EXP1 narrative-present sensitivity,EXP1,EXP1_pooled_any_type vs PHY_pooled_any_type,full,false_negative_phy_code_missed_by_llm,03-04-00,38
EXP1 narrative-present sensitivity,EXP1,EXP1_pooled_any_type vs PHY_pooled_any_type,full,false_negative_phy_code_missed_by_llm,04-00-00,33
EXP1 narrative-present sensitivity,EXP1,EXP1_pooled_any_type vs PHY_pooled_any_type,full,false_negative_phy_code_missed_by_llm,01-01-04,32
EXP1 narrative-present sensitivity,EXP1,EXP1_pooled_any_type vs PHY_pooled_any_type,full,false_negative_phy_code_missed_by_llm,03-01-02,31
EXP1 narrative-present sensitivity,EXP1,EXP1_pooled_any_type vs PHY_pooled_any_type,full,false_negative_phy_code_missed_by_llm,03-01-00,27
EXP1 narrative-present sensitivity,EXP1,EXP1_pooled_any_type vs PHY_pooled_any_type,full,false_negative_phy_code_missed_by_llm,01-01-06,26
EXP1 narrative-present sensitivity,EXP1,EXP1_pooled_any_type vs PHY_pooled_any_type,full,false_negative_phy_code_missed_by_llm,03-08-01,22
EXP1 narrative-present sensitivity,EXP1,EXP1_pooled_any_type vs PHY_pooled_any_type,full,false_negative_phy_code_missed_by_llm,05-00-00,22
EXP1 narrative-present sensitivity,EXP1,EXP1_pooled_any_type vs PHY_pooled_any_type,full,false_negative_phy_code_missed_by_llm,03-08-00,21
EXP1 narrative-present sensitivity,EXP1,EXP1_pooled_any_type vs PHY_pooled_any_type,full,false_negative_phy_code_missed_by_llm,04-05-00,20
EXP1 narrative-present sensitivity,EXP1,EXP1_pooled_any_type vs PHY_pooled_any_type,full,false_negative_phy_code_missed_by_llm,03-06-04,20
EXP1 narrative-present sensitivity,EXP1,EXP1_pooled_any_type vs PHY_pooled_any_type,full,false_negative_phy_code_missed_by_llm,01-04-03,19
EXP1 narrative-present sensitivity,EXP1,EXP1_pooled_any_type vs PHY_pooled_any_type,full,false_negative_phy_code_missed_by_llm,03-01-04,16
EXP1 narrative-present sensitivity,EXP1,EXP1_pooled_any_type vs PHY_pooled_any_type,full,false_negative_phy_code_missed_by_llm,03-07-00,16
EXP1 narrative-present sensitivity,EXP1,EXP1_pooled_any_type vs PHY_pooled_any_type,full,false_negative_phy_code_missed_by_llm,05-06-00,16
EXP1 narrative-present sensitivity,EXP1,EXP1_pooled_any_type vs PHY_pooled_any_type,full,false_negative_phy_code_missed_by_llm,01-03-00,14
EXP1 narrative-present sensitivity,EXP1,EXP1_pooled_any_type vs PHY_pooled_any_type,full,false_negative_phy_code_missed_by_llm,05-04-00,13
EXP1 narrative-present sensitivity,EXP1,EXP1_pooled_any_type vs PHY_pooled_any_type,full,false_negative_phy_code_missed_by_llm,01-04-01,11
EXP1 narrative-present sensitivity,EXP1,EXP1_pooled_any_type vs PHY_pooled_any_type,full,false_negative_phy_code_missed_by_llm,01-01-02,11
EXP1 narrative-present sensitivity,EXP1,EXP1_pooled_any_type vs PHY_pooled_any_type,full,false_negative_phy_code_missed_by_llm,02-00-00,10
EXP1 narrative-present sensitivity,EXP1,EXP1_pooled_any_type vs PHY_pooled_any_type,full,false_negative_phy_code_missed_by_llm,01-05-00,10
EXP1 narrative-present sensitivity,EXP1,EXP1_pooled_any_type vs PHY_pooled_any_type,full,false_negative_phy_code_missed_by_llm,03-03-02,7
EXP1 narrative-present sensitivity,EXP1,EXP1_pooled_any_type vs PHY_pooled_any_type,full,false_negative_phy_code_missed_by_llm,05-05-00,7
EXP1 narrative-present sensitivity,EXP1,EXP1_pooled_any_type vs PHY_pooled_any_type,full,false_negative_phy_code_missed_by_llm,03-09-01,6
EXP1 narrative-present sensitivity,EXP1,EXP1_pooled_any_type vs PHY_pooled_any_type,full,false_negative_phy_code_missed_by_llm,03-03-03,6
EXP1 narrative-present sensitivity,EXP1,EXP1_pooled_any_type vs PHY_pooled_any_type,full,false_negative_phy_code_missed_by_llm,03-01-03,6
EXP1 narrative-present sensitivity,EXP1,EXP1_pooled_any_type vs PHY_pooled_any_type,full,false_negative_phy_code_missed_by_llm,05-03-00,6
EXP1 narrative-present sensitivity,EXP1,EXP1_pooled_any_type vs PHY_pooled_any_type,full,false_negative_phy_code_missed_by_llm,03-09-00,5
EXP1 narrative-present sensitivity,EXP1,EXP1_pooled_any_type vs PHY_pooled_any_type,full,false_negative_phy_code_missed_by_llm,03-06-03,5
EXP1 narrative-present sensitivity,EXP1,EXP1_pooled_any_type vs PHY_pooled_any_type,full,false_negative_phy_code_missed_by_llm,03-01-01,5
EXP1 narrative-present sensitivity,EXP1,EXP1_pooled_any_type vs PHY_pooled_any_type,full,false_negative_phy_code_missed_by_llm,03-06-02,4
EXP1 narrative-present sensitivity,EXP1,EXP1_pooled_any_type vs PHY_pooled_any_type,full,false_negative_phy_code_missed_by_llm,03-07-01,4
EXP1 narrative-present sensitivity,EXP1,EXP1_pooled_any_type vs PHY_pooled_any_type,full,false_negative_phy_code_missed_by_llm,03-02-00,4
EXP1 narrative-present sensitivity,EXP1,EXP1_pooled_any_type vs PHY_pooled_any_type,full,false_negative_phy_code_missed_by_llm,03-04-01,4
EXP1 narrative-present sensitivity,EXP1,EXP1_pooled_any_type vs PHY_pooled_any_type,full,false_negative_phy_code_missed_by_llm,04-02-00,3
EXP1 narrative-present sensitivity,EXP1,EXP1_pooled_any_type vs PHY_pooled_any_type,full,false_negative_phy_code_missed_by_llm,03-03-01,3
EXP1 narrative-present sensitivity,EXP1,EXP1_pooled_any_type vs PHY_pooled_any_type,full,false_negative_phy_code_missed_by_llm,02-01-00,2
EXP1 narrative-present sensitivity,EXP1,EXP1_pooled_any_type vs PHY_pooled_any_type,full,false_negative_phy_code_missed_by_llm,04-08-00,2
EXP1 narrative-present sensitivity,EXP1,EXP1_pooled_any_type vs PHY_pooled_any_type,full,false_negative_phy_code_missed_by_llm,03-05-00,2
EXP1 narrative-present sensitivity,EXP1,EXP1_pooled_any_type vs PHY_pooled_any_type,full,false_negative_phy_code_missed_by_llm,03-05-01,2
EXP1 narrative-present sensitivity,EXP1,EXP1_pooled_any_type vs PHY_pooled_any_type,full,false_negative_phy_code_missed_by_llm,03-02-01,1
EXP1 narrative-present sensitivity,EXP1,EXP1_pooled_any_type vs PHY_pooled_any_type,full,false_negative_phy_code_missed_by_llm,04-03-00,1
EXP1 narrative-present sensitivity,EXP1,EXP1_pooled_any_type vs PHY_pooled_any_type,full,false_negative_phy_code_missed_by_llm,03-02-02,1
EXP1 narrative-present sensitivity,EXP1,EXP1_pooled_any_type vs PHY_pooled_any_type,full,false_negative_phy_code_missed_by_llm,04-01-00,1
EXP1 narrative-present sensitivity,EXP1,EXP1_pooled_any_type vs PHY_pooled_any_type,full,false_negative_phy_code_missed_by_llm,02-06-00,1
EXP1 narrative-present sensitivity,EXP1,EXP1_pooled_any_type vs PHY_pooled_any_type,full,false_negative_phy_code_missed_by_llm,02-04-00,1
EXP1 narrative-present sensitivity,EXP1,EXP1_pooled_any_type vs PHY_pooled_any_type,full,false_negative_phy_code_missed_by_llm,04-04-00,1
EXP1 narrative-present sensitivity,EXP1,EXP1_pooled_any_type vs PHY_pooled_any_type,full,false_negative_phy_code_missed_by_llm,02-05-00,1
EXP1 narrative-present sensitivity,EXP1,EXP1_pooled_any_type vs PHY_pooled_any_type,full,false_negative_phy_code_missed_by_llm,02-03-00,1
EXP1 narrative-present sensitivity,EXP1,EXP1_pooled_any_type vs PHY_pooled_any_type,full,false_positive_llm_extra_code_not_in_phy,03-09-01,676
EXP1 narrative-present sensitivity,EXP1,EXP1_pooled_any_type vs PHY_pooled_any_type,full,false_positive_llm_extra_code_not_in_phy,01-01-04,525
EXP1 narrative-present sensitivity,EXP1,EXP1_pooled_any_type vs PHY_pooled_any_type,full,false_positive_llm_extra_code_not_in_phy,03-08-00,478
EXP1 narrative-present sensitivity,EXP1,EXP1_pooled_any_type vs PHY_pooled_any_type,full,false_positive_llm_extra_code_not_in_phy,01-05-00,433
EXP1 narrative-present sensitivity,EXP1,EXP1_pooled_any_type vs PHY_pooled_any_type,full,false_positive_llm_extra_code_not_in_phy,01-01-01,409
EXP1 narrative-present sensitivity,EXP1,EXP1_pooled_any_type vs PHY_pooled_any_type,full,false_positive_llm_extra_code_not_in_phy,01-01-00,385
EXP1 narrative-present sensitivity,EXP1,EXP1_pooled_any_type vs PHY_pooled_any_type,full,false_positive_llm_extra_code_not_in_phy,03-02-00,366
EXP1 narrative-present sensitivity,EXP1,EXP1_pooled_any_type vs PHY_pooled_any_type,full,false_positive_llm_extra_code_not_in_phy,03-01-01,327
EXP1 narrative-present sensitivity,EXP1,EXP1_pooled_any_type vs PHY_pooled_any_type,full,false_positive_llm_extra_code_not_in_phy,03-08-99,276
EXP1 narrative-present sensitivity,EXP1,EXP1_pooled_any_type vs PHY_pooled_any_type,full,false_positive_llm_extra_code_not_in_phy,01-04-01,261
EXP1 narrative-present sensitivity,EXP1,EXP1_pooled_any_type vs PHY_pooled_any_type,full,false_positive_llm_extra_code_not_in_phy,01-99-00,239
EXP1 narrative-present sensitivity,EXP1,EXP1_pooled_any_type vs PHY_pooled_any_type,full,false_positive_llm_extra_code_not_in_phy,03-03-99,218
EXP1 narrative-present sensitivity,EXP1,EXP1_pooled_any_type vs PHY_pooled_any_type,full,false_positive_llm_extra_code_not_in_phy,03-04-99,218
EXP1 narrative-present sensitivity,EXP1,EXP1_pooled_any_type vs PHY_pooled_any_type,full,false_positive_llm_extra_code_not_in_phy,01-01-05,216
EXP1 narrative-present sensitivity,EXP1,EXP1_pooled_any_type vs PHY_pooled_any_type,full,false_positive_llm_extra_code_not_in_phy,03-03-03,182
EXP1 narrative-present sensitivity,EXP1,EXP1_pooled_any_type vs PHY_pooled_any_type,full,false_positive_llm_extra_code_not_in_phy,00-02-00,176
EXP1 narrative-present sensitivity,EXP1,EXP1_pooled_any_type vs PHY_pooled_any_type,full,false_positive_llm_extra_code_not_in_phy,03-01-99,167
EXP1 narrative-present sensitivity,EXP1,EXP1_pooled_any_type vs PHY_pooled_any_type,full,false_positive_llm_extra_code_not_in_phy,01-01-06,164
EXP1 narrative-present sensitivity,EXP1,EXP1_pooled_any_type vs PHY_pooled_any_type,full,false_positive_llm_extra_code_not_in_phy,03-99-00,155
EXP1 narrative-present sensitivity,EXP1,EXP1_pooled_any_type vs PHY_pooled_any_type,full,false_positive_llm_extra_code_not_in_phy,01-01-99,145
EXP1 narrative-present sensitivity,EXP1,EXP1_pooled_any_type vs PHY_pooled_any_type,full,false_positive_llm_extra_code_not_in_phy,01-01-02,142
EXP1 narrative-present sensitivity,EXP1,EXP1_pooled_any_type vs PHY_pooled_any_type,full,false_positive_llm_extra_code_not_in_phy,03-07-01,140
EXP1 narrative-present sensitivity,EXP1,EXP1_pooled_any_type vs PHY_pooled_any_type,full,false_positive_llm_extra_code_not_in_phy,03-06-99,131
EXP1 narrative-present sensitivity,EXP1,EXP1_pooled_any_type vs PHY_pooled_any_type,full,false_positive_llm_extra_code_not_in_phy,03-07-99,117
EXP1 narrative-present sensitivity,EXP1,EXP1_pooled_any_type vs PHY_pooled_any_type,full,false_positive_llm_extra_code_not_in_phy,03-01-02,108
EXP1 narrative-present sensitivity,EXP1,EXP1_pooled_any_type vs PHY_pooled_any_type,full,false_positive_llm_extra_code_not_in_phy,03-01-04,103
EXP1 narrative-present sensitivity,EXP1,EXP1_pooled_any_type vs PHY_pooled_any_type,full,false_positive_llm_extra_code_not_in_phy,03-04-02,103
EXP1 narrative-present sensitivity,EXP1,EXP1_pooled_any_type vs PHY_pooled_any_type,full,false_positive_llm_extra_code_not_in_phy,01-04-02,101
EXP1 narrative-present sensitivity,EXP1,EXP1_pooled_any_type vs PHY_pooled_any_type,full,false_positive_llm_extra_code_not_in_phy,02-04-00,100
EXP1 narrative-present sensitivity,EXP1,EXP1_pooled_any_type vs PHY_pooled_any_type,full,false_positive_llm_extra_code_not_in_phy,03-03-02,99
EXP1 narrative-present sensitivity,EXP1,EXP1_pooled_any_type vs PHY_pooled_any_type,full,false_positive_llm_extra_code_not_in_phy,05-03-00,87
EXP1 narrative-present sensitivity,EXP1,EXP1_pooled_any_type vs PHY_pooled_any_type,full,false_positive_llm_extra_code_not_in_phy,04-99-00,85
EXP1 narrative-present sensitivity,EXP1,EXP1_pooled_any_type vs PHY_pooled_any_type,full,false_positive_llm_extra_code_not_in_phy,05-05-00,78
EXP1 narrative-present sensitivity,EXP1,EXP1_pooled_any_type vs PHY_pooled_any_type,full,false_positive_llm_extra_code_not_in_phy,03-02-02,72
EXP1 narrative-present sensitivity,EXP1,EXP1_pooled_any_type vs PHY_pooled_any_type,full,false_positive_llm_extra_code_not_in_phy,05-99-00,69
EXP1 narrative-present sensitivity,EXP1,EXP1_pooled_any_type vs PHY_pooled_any_type,full,false_positive_llm_extra_code_not_in_phy,05-06-00,68
EXP1 narrative-present sensitivity,EXP1,EXP1_pooled_any_type vs PHY_pooled_any_type,full,false_positive_llm_extra_code_not_in_phy,03-02-99,65
EXP1 narrative-present sensitivity,EXP1,EXP1_pooled_any_type vs PHY_pooled_any_type,full,false_positive_llm_extra_code_not_in_phy,03-01-03,62
EXP1 narrative-present sensitivity,EXP1,EXP1_pooled_any_type vs PHY_pooled_any_type,full,false_positive_llm_extra_code_not_in_phy,03-05-01,57
EXP1 narrative-present sensitivity,EXP1,EXP1_pooled_any_type vs PHY_pooled_any_type,full,false_positive_llm_extra_code_not_in_phy,03-03-01,54
EXP1 narrative-present sensitivity,EXP1,EXP1_pooled_any_type vs PHY_pooled_any_type,full,false_positive_llm_extra_code_not_in_phy,03-03-00,41
EXP1 narrative-present sensitivity,EXP1,EXP1_pooled_any_type vs PHY_pooled_any_type,full,false_positive_llm_extra_code_not_in_phy,03-08-01,38
EXP1 narrative-present sensitivity,EXP1,EXP1_pooled_any_type vs PHY_pooled_any_type,full,false_positive_llm_extra_code_not_in_phy,00-04-00,38
EXP1 narrative-present sensitivity,EXP1,EXP1_pooled_any_type vs PHY_pooled_any_type,full,false_positive_llm_extra_code_not_in_phy,03-04-01,36
EXP1 narrative-present sensitivity,EXP1,EXP1_pooled_any_type vs PHY_pooled_any_type,full,false_positive_llm_extra_code_not_in_phy,03-06-07,29
EXP1 narrative-present sensitivity,EXP1,EXP1_pooled_any_type vs PHY_pooled_any_type,full,false_positive_llm_extra_code_not_in_phy,03-06-04,29
EXP1 narrative-present sensitivity,EXP1,EXP1_pooled_any_type vs PHY_pooled_any_type,full,false_positive_llm_extra_code_not_in_phy,99-00-00,29
EXP1 narrative-present sensitivity,EXP1,EXP1_pooled_any_type vs PHY_pooled_any_type,full,false_positive_llm_extra_code_not_in_phy,01-04-03,27
EXP1 narrative-present sensitivity,EXP1,EXP1_pooled_any_type vs PHY_pooled_any_type,full,false_positive_llm_extra_code_not_in_phy,02-99-00,26
EXP1 narrative-present sensitivity,EXP1,EXP1_pooled_any_type vs PHY_pooled_any_type,full,false_positive_llm_extra_code_not_in_phy,00-03-00,26
EXP1 narrative-present sensitivity,EXP1,EXP1_pooled_any_type vs PHY_pooled_any_type,full,false_positive_llm_extra_code_not_in_phy,04-09-00,24
EXP1 narrative-present sensitivity,EXP1,EXP1_pooled_any_type vs PHY_pooled_any_type,full,false_positive_llm_extra_code_not_in_phy,01-03-00,24
EXP1 narrative-present sensitivity,EXP1,EXP1_pooled_any_type vs PHY_pooled_any_type,full,false_positive_llm_extra_code_not_in_phy,04-02-00,22
EXP1 narrative-present sensitivity,EXP1,EXP1_pooled_any_type vs PHY_pooled_any_type,full,false_positive_llm_extra_code_not_in_phy,01-04-00,22
EXP1 narrative-present sensitivity,EXP1,EXP1_pooled_any_type vs PHY_pooled_any_type,full,false_positive_llm_extra_code_not_in_phy,05-04-00,18
EXP1 narrative-present sensitivity,EXP1,EXP1_pooled_any_type vs PHY_pooled_any_type,full,false_positive_llm_extra_code_not_in_phy,04-05-00,18
EXP1 narrative-present sensitivity,EXP1,EXP1_pooled_any_type vs PHY_pooled_any_type,full,false_positive_llm_extra_code_not_in_phy,05-08-00,18
EXP1 narrative-present sensitivity,EXP1,EXP1_pooled_any_type vs PHY_pooled_any_type,full,false_positive_llm_extra_code_not_in_phy,02-03-00,17
EXP1 narrative-present sensitivity,EXP1,EXP1_pooled_any_type vs PHY_pooled_any_type,full,false_positive_llm_extra_code_not_in_phy,03-02-01,16
EXP1 narrative-present sensitivity,EXP1,EXP1_pooled_any_type vs PHY_pooled_any_type,full,false_positive_llm_extra_code_not_in_phy,03-06-06,16
EXP1 narrative-present sensitivity,EXP1,EXP1_pooled_any_type vs PHY_pooled_any_type,full,false_positive_llm_extra_code_not_in_phy,03-09-99,16
EXP1 narrative-present sensitivity,EXP1,EXP1_pooled_any_type vs PHY_pooled_any_type,full,false_positive_llm_extra_code_not_in_phy,03-04-00,15
EXP1 narrative-present sensitivity,EXP1,EXP1_pooled_any_type vs PHY_pooled_any_type,full,false_positive_llm_extra_code_not_in_phy,02-05-00,13
EXP1 narrative-present sensitivity,EXP1,EXP1_pooled_any_type vs PHY_pooled_any_type,full,false_positive_llm_extra_code_not_in_phy,04-06-00,13
EXP1 narrative-present sensitivity,EXP1,EXP1_pooled_any_type vs PHY_pooled_any_type,full,false_positive_llm_extra_code_not_in_phy,01-04-99,13
EXP1 narrative-present sensitivity,EXP1,EXP1_pooled_any_type vs PHY_pooled_any_type,full,false_positive_llm_extra_code_not_in_phy,04-00-00,8
EXP1 narrative-present sensitivity,EXP1,EXP1_pooled_any_type vs PHY_pooled_any_type,full,false_positive_llm_extra_code_not_in_phy,01-01-03,8
EXP1 narrative-present sensitivity,EXP1,EXP1_pooled_any_type vs PHY_pooled_any_type,full,false_positive_llm_extra_code_not_in_phy,03-05-99,8
EXP1 narrative-present sensitivity,EXP1,EXP1_pooled_any_type vs PHY_pooled_any_type,full,false_positive_llm_extra_code_not_in_phy,05-02-00,8
EXP1 narrative-present sensitivity,EXP1,EXP1_pooled_any_type vs PHY_pooled_any_type,full,false_positive_llm_extra_code_not_in_phy,02-02-00,7
EXP1 narrative-present sensitivity,EXP1,EXP1_pooled_any_type vs PHY_pooled_any_type,full,false_positive_llm_extra_code_not_in_phy,03-06-01,7
EXP1 narrative-present sensitivity,EXP1,EXP1_pooled_any_type vs PHY_pooled_any_type,full,false_positive_llm_extra_code_not_in_phy,04-03-00,7
EXP1 narrative-present sensitivity,EXP1,EXP1_pooled_any_type vs PHY_pooled_any_type,full,false_positive_llm_extra_code_not_in_phy,02-00-00,6
EXP1 narrative-present sensitivity,EXP1,EXP1_pooled_any_type vs PHY_pooled_any_type,full,false_positive_llm_extra_code_not_in_phy,03-06-00,6
EXP1 narrative-present sensitivity,EXP1,EXP1_pooled_any_type vs PHY_pooled_any_type,full,false_positive_llm_extra_code_not_in_phy,04-07-00,5
EXP1 narrative-present sensitivity,EXP1,EXP1_pooled_any_type vs PHY_pooled_any_type,full,false_positive_llm_extra_code_not_in_phy,03-06-03,5
EXP1 narrative-present sensitivity,EXP1,EXP1_pooled_any_type vs PHY_pooled_any_type,full,false_positive_llm_extra_code_not_in_phy,03-06-02,5
EXP1 narrative-present sensitivity,EXP1,EXP1_pooled_any_type vs PHY_pooled_any_type,full,false_positive_llm_extra_code_not_in_phy,04-08-00,5
EXP1 narrative-present sensitivity,EXP1,EXP1_pooled_any_type vs PHY_pooled_any_type,full,false_positive_llm_extra_code_not_in_phy,03-06-05,5
EXP1 narrative-present sensitivity,EXP1,EXP1_pooled_any_type vs PHY_pooled_any_type,full,false_positive_llm_extra_code_not_in_phy,04-01-00,4
EXP1 narrative-present sensitivity,EXP1,EXP1_pooled_any_type vs PHY_pooled_any_type,full,false_positive_llm_extra_code_not_in_phy,03-01-00,4
EXP1 narrative-present sensitivity,EXP1,EXP1_pooled_any_type vs PHY_pooled_any_type,full,false_positive_llm_extra_code_not_in_phy,05-01-00,3
EXP1 narrative-present sensitivity,EXP1,EXP1_pooled_any_type vs PHY_pooled_any_type,full,false_positive_llm_extra_code_not_in_phy,05-00-00,3
EXP1 narrative-present sensitivity,EXP1,EXP1_pooled_any_type vs PHY_pooled_any_type,full,false_positive_llm_extra_code_not_in_phy,02-06-00,3
EXP1 narrative-present sensitivity,EXP1,EXP1_pooled_any_type vs PHY_pooled_any_type,full,false_positive_llm_extra_code_not_in_phy,04-04-00,2
EXP1 narrative-present sensitivity,EXP1,EXP1_pooled_any_type vs PHY_pooled_any_type,full,false_positive_llm_extra_code_not_in_phy,02-01-00,2
EXP1 narrative-present sensitivity,EXP1,EXP1_pooled_any_type vs PHY_pooled_any_type,full,false_positive_llm_extra_code_not_in_phy,03-09-00,1
EXP1 narrative-present sensitivity,EXP1,EXP1_pooled_any_type vs PHY_pooled_any_type,full,false_positive_llm_extra_code_not_in_phy,00-01-00,1
EXP1 narrative-present sensitivity,EXP1,EXP1_pooled_any_type vs PHY_pooled_any_type,full,false_positive_llm_extra_code_not_in_phy,03-07-00,1
EXP1 narrative-present sensitivity,EXP1,EXP1_pooled_any_type vs PHY_pooled_any_type,full,false_positive_llm_extra_code_not_in_phy,01-00-00,1
EXP1 narrative-present sensitivity,EXP1,EXP1_pooled_any_type vs PHY_pooled_any_type,full,false_positive_llm_extra_code_not_in_phy,05-09-00,1
EXP1 narrative-present sensitivity,EXP1,EXP1_pooled_any_type vs PHY_pooled_any_type,full,true_positive_code_found_by_both,01-04-02,645
EXP1 narrative-present sensitivity,EXP1,EXP1_pooled_any_type vs PHY_pooled_any_type,full,true_positive_code_found_by_both,01-01-04,194
EXP1 narrative-present sensitivity,EXP1,EXP1_pooled_any_type vs PHY_pooled_any_type,full,true_positive_code_found_by_both,03-01-01,172
EXP1 narrative-present sensitivity,EXP1,EXP1_pooled_any_type vs PHY_pooled_any_type,full,true_positive_code_found_by_both,03-01-04,166
EXP1 narrative-present sensitivity,EXP1,EXP1_pooled_any_type vs PHY_pooled_any_type,full,true_positive_code_found_by_both,05-05-00,163
EXP1 narrative-present sensitivity,EXP1,EXP1_pooled_any_type vs PHY_pooled_any_type,full,true_positive_code_found_by_both,01-01-01,158
EXP1 narrative-present sensitivity,EXP1,EXP1_pooled_any_type vs PHY_pooled_any_type,full,true_positive_code_found_by_both,03-01-02,130
EXP1 narrative-present sensitivity,EXP1,EXP1_pooled_any_type vs PHY_pooled_any_type,full,true_positive_code_found_by_both,05-03-00,111
EXP1 narrative-present sensitivity,EXP1,EXP1_pooled_any_type vs PHY_pooled_any_type,full,true_positive_code_found_by_both,03-05-01,96
EXP1 narrative-present sensitivity,EXP1,EXP1_pooled_any_type vs PHY_pooled_any_type,full,true_positive_code_found_by_both,05-06-00,96
EXP1 narrative-present sensitivity,EXP1,EXP1_pooled_any_type vs PHY_pooled_any_type,full,true_positive_code_found_by_both,01-01-00,70
EXP1 narrative-present sensitivity,EXP1,EXP1_pooled_any_type vs PHY_pooled_any_type,full,true_positive_code_found_by_both,04-01-00,57
EXP1 narrative-present sensitivity,EXP1,EXP1_pooled_any_type vs PHY_pooled_any_type,full,true_positive_code_found_by_both,03-06-02,55
EXP1 narrative-present sensitivity,EXP1,EXP1_pooled_any_type vs PHY_pooled_any_type,full,true_positive_code_found_by_both,03-09-01,55
EXP1 narrative-present sensitivity,EXP1,EXP1_pooled_any_type vs PHY_pooled_any_type,full,true_positive_code_found_by_both,04-03-00,54
EXP1 narrative-present sensitivity,EXP1,EXP1_pooled_any_type vs PHY_pooled_any_type,full,true_positive_code_found_by_both,01-04-01,53
EXP1 narrative-present sensitivity,EXP1,EXP1_pooled_any_type vs PHY_pooled_any_type,full,true_positive_code_found_by_both,01-01-02,53
EXP1 narrative-present sensitivity,EXP1,EXP1_pooled_any_type vs PHY_pooled_any_type,full,true_positive_code_found_by_both,03-03-02,46
EXP1 narrative-present sensitivity,EXP1,EXP1_pooled_any_type vs PHY_pooled_any_type,full,true_positive_code_found_by_both,01-05-00,45
EXP1 narrative-present sensitivity,EXP1,EXP1_pooled_any_type vs PHY_pooled_any_type,full,true_positive_code_found_by_both,03-03-03,38
EXP1 narrative-present sensitivity,EXP1,EXP1_pooled_any_type vs PHY_pooled_any_type,full,true_positive_code_found_by_both,03-04-02,37
EXP1 narrative-present sensitivity,EXP1,EXP1_pooled_any_type vs PHY_pooled_any_type,full,true_positive_code_found_by_both,03-02-02,36
EXP1 narrative-present sensitivity,EXP1,EXP1_pooled_any_type vs PHY_pooled_any_type,full,true_positive_code_found_by_both,01-01-05,36
EXP1 narrative-present sensitivity,EXP1,EXP1_pooled_any_type vs PHY_pooled_any_type,full,true_positive_code_found_by_both,04-05-00,32
EXP1 narrative-present sensitivity,EXP1,EXP1_pooled_any_type vs PHY_pooled_any_type,full,true_positive_code_found_by_both,03-08-00,30
EXP1 narrative-present sensitivity,EXP1,EXP1_pooled_any_type vs PHY_pooled_any_type,full,true_positive_code_found_by_both,04-08-00,24
EXP1 narrative-present sensitivity,EXP1,EXP1_pooled_any_type vs PHY_pooled_any_type,full,true_positive_code_found_by_both,04-02-00,18
EXP1 narrative-present sensitivity,EXP1,EXP1_pooled_any_type vs PHY_pooled_any_type,full,true_positive_code_found_by_both,02-03-00,17
EXP1 narrative-present sensitivity,EXP1,EXP1_pooled_any_type vs PHY_pooled_any_type,full,true_positive_code_found_by_both,05-04-00,16
EXP1 narrative-present sensitivity,EXP1,EXP1_pooled_any_type vs PHY_pooled_any_type,full,true_positive_code_found_by_both,03-07-01,14
EXP1 narrative-present sensitivity,EXP1,EXP1_pooled_any_type vs PHY_pooled_any_type,full,true_positive_code_found_by_both,01-01-06,14
EXP1 narrative-present sensitivity,EXP1,EXP1_pooled_any_type vs PHY_pooled_any_type,full,true_positive_code_found_by_both,01-04-03,12
EXP1 narrative-present sensitivity,EXP1,EXP1_pooled_any_type vs PHY_pooled_any_type,full,true_positive_code_found_by_both,04-06-00,12
EXP1 narrative-present sensitivity,EXP1,EXP1_pooled_any_type vs PHY_pooled_any_type,full,true_positive_code_found_by_both,03-01-03,12
EXP1 narrative-present sensitivity,EXP1,EXP1_pooled_any_type vs PHY_pooled_any_type,full,true_positive_code_found_by_both,03-06-04,11
EXP1 narrative-present sensitivity,EXP1,EXP1_pooled_any_type vs PHY_pooled_any_type,full,true_positive_code_found_by_both,03-06-01,11
EXP1 narrative-present sensitivity,EXP1,EXP1_pooled_any_type vs PHY_pooled_any_type,full,true_positive_code_found_by_both,02-04-00,10
EXP1 narrative-present sensitivity,EXP1,EXP1_pooled_any_type vs PHY_pooled_any_type,full,true_positive_code_found_by_both,03-06-03,9
EXP1 narrative-present sensitivity,EXP1,EXP1_pooled_any_type vs PHY_pooled_any_type,full,true_positive_code_found_by_both,03-04-01,7
EXP1 narrative-present sensitivity,EXP1,EXP1_pooled_any_type vs PHY_pooled_any_type,full,true_positive_code_found_by_both,03-02-00,7
EXP1 narrative-present sensitivity,EXP1,EXP1_pooled_any_type vs PHY_pooled_any_type,full,true_positive_code_found_by_both,02-05-00,7
EXP1 narrative-present sensitivity,EXP1,EXP1_pooled_any_type vs PHY_pooled_any_type,full,true_positive_code_found_by_both,03-06-05,6
EXP1 narrative-present sensitivity,EXP1,EXP1_pooled_any_type vs PHY_pooled_any_type,full,true_positive_code_found_by_both,03-03-00,6
EXP1 narrative-present sensitivity,EXP1,EXP1_pooled_any_type vs PHY_pooled_any_type,full,true_positive_code_found_by_both,01-03-00,5
EXP1 narrative-present sensitivity,EXP1,EXP1_pooled_any_type vs PHY_pooled_any_type,full,true_positive_code_found_by_both,02-01-00,4
EXP1 narrative-present sensitivity,EXP1,EXP1_pooled_any_type vs PHY_pooled_any_type,full,true_positive_code_found_by_both,03-03-01,4
EXP1 narrative-present sensitivity,EXP1,EXP1_pooled_any_type vs PHY_pooled_any_type,full,true_positive_code_found_by_both,02-02-00,4
EXP1 narrative-present sensitivity,EXP1,EXP1_pooled_any_type vs PHY_pooled_any_type,full,true_positive_code_found_by_both,04-04-00,4
EXP1 narrative-present sensitivity,EXP1,EXP1_pooled_any_type vs PHY_pooled_any_type,full,true_positive_code_found_by_both,05-08-00,4
EXP1 narrative-present sensitivity,EXP1,EXP1_pooled_any_type vs PHY_pooled_any_type,full,true_positive_code_found_by_both,03-06-00,4
EXP1 narrative-present sensitivity,EXP1,EXP1_pooled_any_type vs PHY_pooled_any_type,full,true_positive_code_found_by_both,01-07-00,3
EXP1 narrative-present sensitivity,EXP1,EXP1_pooled_any_type vs PHY_pooled_any_type,full,true_positive_code_found_by_both,04-07-00,3
EXP1 narrative-present sensitivity,EXP1,EXP1_pooled_any_type vs PHY_pooled_any_type,full,true_positive_code_found_by_both,05-00-00,2
EXP1 narrative-present sensitivity,EXP1,EXP1_pooled_any_type vs PHY_pooled_any_type,full,true_positive_code_found_by_both,03-08-01,2
EXP1 narrative-present sensitivity,EXP1,EXP1_pooled_any_type vs PHY_pooled_any_type,full,true_positive_code_found_by_both,01-04-00,1
EXP1 narrative-present sensitivity,EXP1,EXP1_pooled_any_type vs PHY_pooled_any_type,full,true_positive_code_found_by_both,03-01-00,1
EXP1 narrative-present sensitivity,EXP1,EXP1_pooled_any_type vs PHY_pooled_any_type,full,true_positive_code_found_by_both,03-06-06,1
EXP1 narrative-present sensitivity,EXP1,EXP1_pooled_any_type vs PHY_pooled_any_type,full,true_positive_code_found_by_both,04-09-00,1
EXP1 narrative-present sensitivity,EXP1,EXP1_pooled_any_type vs PHY_pooled_any_type,level1,false_negative_phy_code_missed_by_llm,01,47
EXP1 narrative-present sensitivity,EXP1,EXP1_pooled_any_type vs PHY_pooled_any_type,level1,false_negative_phy_code_missed_by_llm,04,25
EXP1 narrative-present sensitivity,EXP1,EXP1_pooled_any_type vs PHY_pooled_any_type,level1,false_negative_phy_code_missed_by_llm,03,21
EXP1 narrative-present sensitivity,EXP1,EXP1_pooled_any_type vs PHY_pooled_any_type,level1,false_negative_phy_code_missed_by_llm,05,13
EXP1 narrative-present sensitivity,EXP1,EXP1_pooled_any_type vs PHY_pooled_any_type,level1,false_negative_phy_code_missed_by_llm,02,3
EXP1 narrative-present sensitivity,EXP1,EXP1_pooled_any_type vs PHY_pooled_any_type,level1,false_positive_llm_extra_code_not_in_phy,03,1264
EXP1 narrative-present sensitivity,EXP1,EXP1_pooled_any_type vs PHY_pooled_any_type,level1,false_positive_llm_extra_code_not_in_phy,01,567
EXP1 narrative-present sensitivity,EXP1,EXP1_pooled_any_type vs PHY_pooled_any_type,level1,false_positive_llm_extra_code_not_in_phy,00,235
EXP1 narrative-present sensitivity,EXP1,EXP1_pooled_any_type vs PHY_pooled_any_type,level1,false_positive_llm_extra_code_not_in_phy,02,121
EXP1 narrative-present sensitivity,EXP1,EXP1_pooled_any_type vs PHY_pooled_any_type,level1,false_positive_llm_extra_code_not_in_phy,04,64
EXP1 narrative-present sensitivity,EXP1,EXP1_pooled_any_type vs PHY_pooled_any_type,level1,false_positive_llm_extra_code_not_in_phy,05,52
EXP1 narrative-present sensitivity,EXP1,EXP1_pooled_any_type vs PHY_pooled_any_type,level1,false_positive_llm_extra_code_not_in_phy,99,29
EXP1 narrative-present sensitivity,EXP1,EXP1_pooled_any_type vs PHY_pooled_any_type,level1,true_positive_code_found_by_both,01,1732
EXP1 narrative-present sensitivity,EXP1,EXP1_pooled_any_type vs PHY_pooled_any_type,level1,true_positive_code_found_by_both,03,1219
EXP1 narrative-present sensitivity,EXP1,EXP1_pooled_any_type vs PHY_pooled_any_type,level1,true_positive_code_found_by_both,05,422
EXP1 narrative-present sensitivity,EXP1,EXP1_pooled_any_type vs PHY_pooled_any_type,level1,true_positive_code_found_by_both,04,239
EXP1 narrative-present sensitivity,EXP1,EXP1_pooled_any_type vs PHY_pooled_any_type,level1,true_positive_code_found_by_both,02,53
EXP1 narrative-present sensitivity,EXP1,EXP1_pooled_any_type vs PHY_pooled_any_type,level2,false_negative_phy_code_missed_by_llm,01-04,130
EXP1 narrative-present sensitivity,EXP1,EXP1_pooled_any_type vs PHY_pooled_any_type,level2,false_negative_phy_code_missed_by_llm,01-01,53
EXP1 narrative-present sensitivity,EXP1,EXP1_pooled_any_type vs PHY_pooled_any_type,level2,false_negative_phy_code_missed_by_llm,03-00,52
EXP1 narrative-present sensitivity,EXP1,EXP1_pooled_any_type vs PHY_pooled_any_type,level2,false_negative_phy_code_missed_by_llm,01-00,42
EXP1 narrative-present sensitivity,EXP1,EXP1_pooled_any_type vs PHY_pooled_any_type,level2,false_negative_phy_code_missed_by_llm,04-00,33
EXP1 narrative-present sensitivity,EXP1,EXP1_pooled_any_type vs PHY_pooled_any_type,level2,false_negative_phy_code_missed_by_llm,03-01,30
EXP1 narrative-present sensitivity,EXP1,EXP1_pooled_any_type vs PHY_pooled_any_type,level2,false_negative_phy_code_missed_by_llm,03-03,26
EXP1 narrative-present sensitivity,EXP1,EXP1_pooled_any_type vs PHY_pooled_any_type,level2,false_negative_phy_code_missed_by_llm,05-00,22
EXP1 narrative-present sensitivity,EXP1,EXP1_pooled_any_type vs PHY_pooled_any_type,level2,false_negative_phy_code_missed_by_llm,04-05,20
EXP1 narrative-present sensitivity,EXP1,EXP1_pooled_any_type vs PHY_pooled_any_type,level2,false_negative_phy_code_missed_by_llm,03-06,19
EXP1 narrative-present sensitivity,EXP1,EXP1_pooled_any_type vs PHY_pooled_any_type,level2,false_negative_phy_code_missed_by_llm,03-04,16
EXP1 narrative-present sensitivity,EXP1,EXP1_pooled_any_type vs PHY_pooled_any_type,level2,false_negative_phy_code_missed_by_llm,05-06,16
EXP1 narrative-present sensitivity,EXP1,EXP1_pooled_any_type vs PHY_pooled_any_type,level2,false_negative_phy_code_missed_by_llm,01-03,14
EXP1 narrative-present sensitivity,EXP1,EXP1_pooled_any_type vs PHY_pooled_any_type,level2,false_negative_phy_code_missed_by_llm,05-04,13
EXP1 narrative-present sensitivity,EXP1,EXP1_pooled_any_type vs PHY_pooled_any_type,level2,false_negative_phy_code_missed_by_llm,02-00,10
EXP1 narrative-present sensitivity,EXP1,EXP1_pooled_any_type vs PHY_pooled_any_type,level2,false_negative_phy_code_missed_by_llm,01-05,10
EXP1 narrative-present sensitivity,EXP1,EXP1_pooled_any_type vs PHY_pooled_any_type,level2,false_negative_phy_code_missed_by_llm,03-09,7
EXP1 narrative-present sensitivity,EXP1,EXP1_pooled_any_type vs PHY_pooled_any_type,level2,false_negative_phy_code_missed_by_llm,05-05,7
EXP1 narrative-present sensitivity,EXP1,EXP1_pooled_any_type vs PHY_pooled_any_type,level2,false_negative_phy_code_missed_by_llm,05-03,6
EXP1 narrative-present sensitivity,EXP1,EXP1_pooled_any_type vs PHY_pooled_any_type,level2,false_negative_phy_code_missed_by_llm,03-07,5
EXP1 narrative-present sensitivity,EXP1,EXP1_pooled_any_type vs PHY_pooled_any_type,level2,false_negative_phy_code_missed_by_llm,03-08,4
EXP1 narrative-present sensitivity,EXP1,EXP1_pooled_any_type vs PHY_pooled_any_type,level2,false_negative_phy_code_missed_by_llm,04-02,3
EXP1 narrative-present sensitivity,EXP1,EXP1_pooled_any_type vs PHY_pooled_any_type,level2,false_negative_phy_code_missed_by_llm,03-02,3
EXP1 narrative-present sensitivity,EXP1,EXP1_pooled_any_type vs PHY_pooled_any_type,level2,false_negative_phy_code_missed_by_llm,02-01,2
EXP1 narrative-present sensitivity,EXP1,EXP1_pooled_any_type vs PHY_pooled_any_type,level2,false_negative_phy_code_missed_by_llm,04-08,2
EXP1 narrative-present sensitivity,EXP1,EXP1_pooled_any_type vs PHY_pooled_any_type,level2,false_negative_phy_code_missed_by_llm,03-05,2
EXP1 narrative-present sensitivity,EXP1,EXP1_pooled_any_type vs PHY_pooled_any_type,level2,false_negative_phy_code_missed_by_llm,04-03,1
EXP1 narrative-present sensitivity,EXP1,EXP1_pooled_any_type vs PHY_pooled_any_type,level2,false_negative_phy_code_missed_by_llm,04-01,1
EXP1 narrative-present sensitivity,EXP1,EXP1_pooled_any_type vs PHY_pooled_any_type,level2,false_negative_phy_code_missed_by_llm,02-06,1
EXP1 narrative-present sensitivity,EXP1,EXP1_pooled_any_type vs PHY_pooled_any_type,level2,false_negative_phy_code_missed_by_llm,02-04,1
EXP1 narrative-present sensitivity,EXP1,EXP1_pooled_any_type vs PHY_pooled_any_type,level2,false_negative_phy_code_missed_by_llm,04-04,1
EXP1 narrative-present sensitivity,EXP1,EXP1_pooled_any_type vs PHY_pooled_any_type,level2,false_negative_phy_code_missed_by_llm,02-05,1
EXP1 narrative-present sensitivity,EXP1,EXP1_pooled_any_type vs PHY_pooled_any_type,level2,false_negative_phy_code_missed_by_llm,02-03,1
EXP1 narrative-present sensitivity,EXP1,EXP1_pooled_any_type vs PHY_pooled_any_type,level2,false_positive_llm_extra_code_not_in_phy,01-01,1005
EXP1 narrative-present sensitivity,EXP1,EXP1_pooled_any_type vs PHY_pooled_any_type,level2,false_positive_llm_extra_code_not_in_phy,03-08,750
EXP1 narrative-present sensitivity,EXP1,EXP1_pooled_any_type vs PHY_pooled_any_type,level2,false_positive_llm_extra_code_not_in_phy,03-09,681
EXP1 narrative-present sensitivity,EXP1,EXP1_pooled_any_type vs PHY_pooled_any_type,level2,false_positive_llm_extra_code_not_in_phy,03-02,484
EXP1 narrative-present sensitivity,EXP1,EXP1_pooled_any_type vs PHY_pooled_any_type,level2,false_positive_llm_extra_code_not_in_phy,01-05,433
EXP1 narrative-present sensitivity,EXP1,EXP1_pooled_any_type vs PHY_pooled_any_type,level2,false_positive_llm_extra_code_not_in_phy,03-01,381
EXP1 narrative-present sensitivity,EXP1,EXP1_pooled_any_type vs PHY_pooled_any_type,level2,false_positive_llm_extra_code_not_in_phy,03-03,377
EXP1 narrative-present sensitivity,EXP1,EXP1_pooled_any_type vs PHY_pooled_any_type,level2,false_positive_llm_extra_code_not_in_phy,03-04,317
EXP1 narrative-present sensitivity,EXP1,EXP1_pooled_any_type vs PHY_pooled_any_type,level2,false_positive_llm_extra_code_not_in_phy,01-99,239
EXP1 narrative-present sensitivity,EXP1,EXP1_pooled_any_type vs PHY_pooled_any_type,level2,false_positive_llm_extra_code_not_in_phy,03-07,230
EXP1 narrative-present sensitivity,EXP1,EXP1_pooled_any_type vs PHY_pooled_any_type,level2,false_positive_llm_extra_code_not_in_phy,00-02,176
EXP1 narrative-present sensitivity,EXP1,EXP1_pooled_any_type vs PHY_pooled_any_type,level2,false_positive_llm_extra_code_not_in_phy,03-99,155
EXP1 narrative-present sensitivity,EXP1,EXP1_pooled_any_type vs PHY_pooled_any_type,level2,false_positive_llm_extra_code_not_in_phy,03-06,149
EXP1 narrative-present sensitivity,EXP1,EXP1_pooled_any_type vs PHY_pooled_any_type,level2,false_positive_llm_extra_code_not_in_phy,01-04,138
EXP1 narrative-present sensitivity,EXP1,EXP1_pooled_any_type vs PHY_pooled_any_type,level2,false_positive_llm_extra_code_not_in_phy,02-04,100
EXP1 narrative-present sensitivity,EXP1,EXP1_pooled_any_type vs PHY_pooled_any_type,level2,false_positive_llm_extra_code_not_in_phy,05-03,87
EXP1 narrative-present sensitivity,EXP1,EXP1_pooled_any_type vs PHY_pooled_any_type,level2,false_positive_llm_extra_code_not_in_phy,04-99,85
EXP1 narrative-present sensitivity,EXP1,EXP1_pooled_any_type vs PHY_pooled_any_type,level2,false_positive_llm_extra_code_not_in_phy,05-05,78
EXP1 narrative-present sensitivity,EXP1,EXP1_pooled_any_type vs PHY_pooled_any_type,level2,false_positive_llm_extra_code_not_in_phy,05-99,69
EXP1 narrative-present sensitivity,EXP1,EXP1_pooled_any_type vs PHY_pooled_any_type,level2,false_positive_llm_extra_code_not_in_phy,05-06,68
EXP1 narrative-present sensitivity,EXP1,EXP1_pooled_any_type vs PHY_pooled_any_type,level2,false_positive_llm_extra_code_not_in_phy,03-05,63
EXP1 narrative-present sensitivity,EXP1,EXP1_pooled_any_type vs PHY_pooled_any_type,level2,false_positive_llm_extra_code_not_in_phy,00-04,38
EXP1 narrative-present sensitivity,EXP1,EXP1_pooled_any_type vs PHY_pooled_any_type,level2,false_positive_llm_extra_code_not_in_phy,99-00,29
EXP1 narrative-present sensitivity,EXP1,EXP1_pooled_any_type vs PHY_pooled_any_type,level2,false_positive_llm_extra_code_not_in_phy,02-99,26
EXP1 narrative-present sensitivity,EXP1,EXP1_pooled_any_type vs PHY_pooled_any_type,level2,false_positive_llm_extra_code_not_in_phy,00-03,26
EXP1 narrative-present sensitivity,EXP1,EXP1_pooled_any_type vs PHY_pooled_any_type,level2,false_positive_llm_extra_code_not_in_phy,04-09,24
EXP1 narrative-present sensitivity,EXP1,EXP1_pooled_any_type vs PHY_pooled_any_type,level2,false_positive_llm_extra_code_not_in_phy,01-03,24
EXP1 narrative-present sensitivity,EXP1,EXP1_pooled_any_type vs PHY_pooled_any_type,level2,false_positive_llm_extra_code_not_in_phy,04-02,22
EXP1 narrative-present sensitivity,EXP1,EXP1_pooled_any_type vs PHY_pooled_any_type,level2,false_positive_llm_extra_code_not_in_phy,05-04,18
EXP1 narrative-present sensitivity,EXP1,EXP1_pooled_any_type vs PHY_pooled_any_type,level2,false_positive_llm_extra_code_not_in_phy,04-05,18
EXP1 narrative-present sensitivity,EXP1,EXP1_pooled_any_type vs PHY_pooled_any_type,level2,false_positive_llm_extra_code_not_in_phy,05-08,18
EXP1 narrative-present sensitivity,EXP1,EXP1_pooled_any_type vs PHY_pooled_any_type,level2,false_positive_llm_extra_code_not_in_phy,02-03,17
EXP1 narrative-present sensitivity,EXP1,EXP1_pooled_any_type vs PHY_pooled_any_type,level2,false_positive_llm_extra_code_not_in_phy,02-05,13
EXP1 narrative-present sensitivity,EXP1,EXP1_pooled_any_type vs PHY_pooled_any_type,level2,false_positive_llm_extra_code_not_in_phy,04-06,13
EXP1 narrative-present sensitivity,EXP1,EXP1_pooled_any_type vs PHY_pooled_any_type,level2,false_positive_llm_extra_code_not_in_phy,04-00,8
EXP1 narrative-present sensitivity,EXP1,EXP1_pooled_any_type vs PHY_pooled_any_type,level2,false_positive_llm_extra_code_not_in_phy,05-02,8
EXP1 narrative-present sensitivity,EXP1,EXP1_pooled_any_type vs PHY_pooled_any_type,level2,false_positive_llm_extra_code_not_in_phy,02-02,7
EXP1 narrative-present sensitivity,EXP1,EXP1_pooled_any_type vs PHY_pooled_any_type,level2,false_positive_llm_extra_code_not_in_phy,04-03,7
EXP1 narrative-present sensitivity,EXP1,EXP1_pooled_any_type vs PHY_pooled_any_type,level2,false_positive_llm_extra_code_not_in_phy,02-00,6
EXP1 narrative-present sensitivity,EXP1,EXP1_pooled_any_type vs PHY_pooled_any_type,level2,false_positive_llm_extra_code_not_in_phy,04-07,5
EXP1 narrative-present sensitivity,EXP1,EXP1_pooled_any_type vs PHY_pooled_any_type,level2,false_positive_llm_extra_code_not_in_phy,04-08,5
EXP1 narrative-present sensitivity,EXP1,EXP1_pooled_any_type vs PHY_pooled_any_type,level2,false_positive_llm_extra_code_not_in_phy,04-01,4
EXP1 narrative-present sensitivity,EXP1,EXP1_pooled_any_type vs PHY_pooled_any_type,level2,false_positive_llm_extra_code_not_in_phy,05-01,3
EXP1 narrative-present sensitivity,EXP1,EXP1_pooled_any_type vs PHY_pooled_any_type,level2,false_positive_llm_extra_code_not_in_phy,05-00,3
EXP1 narrative-present sensitivity,EXP1,EXP1_pooled_any_type vs PHY_pooled_any_type,level2,false_positive_llm_extra_code_not_in_phy,02-06,3
EXP1 narrative-present sensitivity,EXP1,EXP1_pooled_any_type vs PHY_pooled_any_type,level2,false_positive_llm_extra_code_not_in_phy,04-04,2
EXP1 narrative-present sensitivity,EXP1,EXP1_pooled_any_type vs PHY_pooled_any_type,level2,false_positive_llm_extra_code_not_in_phy,02-01,2
EXP1 narrative-present sensitivity,EXP1,EXP1_pooled_any_type vs PHY_pooled_any_type,level2,false_positive_llm_extra_code_not_in_phy,00-01,1
EXP1 narrative-present sensitivity,EXP1,EXP1_pooled_any_type vs PHY_pooled_any_type,level2,false_positive_llm_extra_code_not_in_phy,01-00,1
EXP1 narrative-present sensitivity,EXP1,EXP1_pooled_any_type vs PHY_pooled_any_type,level2,false_positive_llm_extra_code_not_in_phy,05-09,1
EXP1 narrative-present sensitivity,EXP1,EXP1_pooled_any_type vs PHY_pooled_any_type,level2,true_positive_code_found_by_both,01-01,773
EXP1 narrative-present sensitivity,EXP1,EXP1_pooled_any_type vs PHY_pooled_any_type,level2,true_positive_code_found_by_both,01-04,772
EXP1 narrative-present sensitivity,EXP1,EXP1_pooled_any_type vs PHY_pooled_any_type,level2,true_positive_code_found_by_both,03-01,432
EXP1 narrative-present sensitivity,EXP1,EXP1_pooled_any_type vs PHY_pooled_any_type,level2,true_positive_code_found_by_both,03-03,176
EXP1 narrative-present sensitivity,EXP1,EXP1_pooled_any_type vs PHY_pooled_any_type,level2,true_positive_code_found_by_both,03-06,163
EXP1 narrative-present sensitivity,EXP1,EXP1_pooled_any_type vs PHY_pooled_any_type,level2,true_positive_code_found_by_both,05-05,163
EXP1 narrative-present sensitivity,EXP1,EXP1_pooled_any_type vs PHY_pooled_any_type,level2,true_positive_code_found_by_both,05-03,111
EXP1 narrative-present sensitivity,EXP1,EXP1_pooled_any_type vs PHY_pooled_any_type,level2,true_positive_code_found_by_both,03-05,97
EXP1 narrative-present sensitivity,EXP1,EXP1_pooled_any_type vs PHY_pooled_any_type,level2,true_positive_code_found_by_both,05-06,96
EXP1 narrative-present sensitivity,EXP1,EXP1_pooled_any_type vs PHY_pooled_any_type,level2,true_positive_code_found_by_both,03-08,71
EXP1 narrative-present sensitivity,EXP1,EXP1_pooled_any_type vs PHY_pooled_any_type,level2,true_positive_code_found_by_both,03-04,70
EXP1 narrative-present sensitivity,EXP1,EXP1_pooled_any_type vs PHY_pooled_any_type,level2,true_positive_code_found_by_both,03-09,59
EXP1 narrative-present sensitivity,EXP1,EXP1_pooled_any_type vs PHY_pooled_any_type,level2,true_positive_code_found_by_both,04-01,57
EXP1 narrative-present sensitivity,EXP1,EXP1_pooled_any_type vs PHY_pooled_any_type,level2,true_positive_code_found_by_both,04-03,54
EXP1 narrative-present sensitivity,EXP1,EXP1_pooled_any_type vs PHY_pooled_any_type,level2,true_positive_code_found_by_both,03-02,46
EXP1 narrative-present sensitivity,EXP1,EXP1_pooled_any_type vs PHY_pooled_any_type,level2,true_positive_code_found_by_both,01-05,45
EXP1 narrative-present sensitivity,EXP1,EXP1_pooled_any_type vs PHY_pooled_any_type,level2,true_positive_code_found_by_both,04-05,32
EXP1 narrative-present sensitivity,EXP1,EXP1_pooled_any_type vs PHY_pooled_any_type,level2,true_positive_code_found_by_both,03-07,29
EXP1 narrative-present sensitivity,EXP1,EXP1_pooled_any_type vs PHY_pooled_any_type,level2,true_positive_code_found_by_both,04-08,24
EXP1 narrative-present sensitivity,EXP1,EXP1_pooled_any_type vs PHY_pooled_any_type,level2,true_positive_code_found_by_both,04-02,18
EXP1 narrative-present sensitivity,EXP1,EXP1_pooled_any_type vs PHY_pooled_any_type,level2,true_positive_code_found_by_both,02-03,17
EXP1 narrative-present sensitivity,EXP1,EXP1_pooled_any_type vs PHY_pooled_any_type,level2,true_positive_code_found_by_both,05-04,16
EXP1 narrative-present sensitivity,EXP1,EXP1_pooled_any_type vs PHY_pooled_any_type,level2,true_positive_code_found_by_both,04-06,12
EXP1 narrative-present sensitivity,EXP1,EXP1_pooled_any_type vs PHY_pooled_any_type,level2,true_positive_code_found_by_both,02-04,10
EXP1 narrative-present sensitivity,EXP1,EXP1_pooled_any_type vs PHY_pooled_any_type,level2,true_positive_code_found_by_both,02-05,7
EXP1 narrative-present sensitivity,EXP1,EXP1_pooled_any_type vs PHY_pooled_any_type,level2,true_positive_code_found_by_both,01-03,5
EXP1 narrative-present sensitivity,EXP1,EXP1_pooled_any_type vs PHY_pooled_any_type,level2,true_positive_code_found_by_both,02-01,4
EXP1 narrative-present sensitivity,EXP1,EXP1_pooled_any_type vs PHY_pooled_any_type,level2,true_positive_code_found_by_both,02-02,4
EXP1 narrative-present sensitivity,EXP1,EXP1_pooled_any_type vs PHY_pooled_any_type,level2,true_positive_code_found_by_both,04-04,4
EXP1 narrative-present sensitivity,EXP1,EXP1_pooled_any_type vs PHY_pooled_any_type,level2,true_positive_code_found_by_both,05-08,4
EXP1 narrative-present sensitivity,EXP1,EXP1_pooled_any_type vs PHY_pooled_any_type,level2,true_positive_code_found_by_both,01-07,3
EXP1 narrative-present sensitivity,EXP1,EXP1_pooled_any_type vs PHY_pooled_any_type,level2,true_positive_code_found_by_both,04-07,3
EXP1 narrative-present sensitivity,EXP1,EXP1_pooled_any_type vs PHY_pooled_any_type,level2,true_positive_code_found_by_both,05-00,2
EXP1 narrative-present sensitivity,EXP1,EXP1_pooled_any_type vs PHY_pooled_any_type,level2,true_positive_code_found_by_both,04-09,1
