cause_code,level3_name,total,15-24,25-44,45-64,65+
01-04-02,Communicable disease: TB/AIDS: AIDS,687,14.41,40.04,29.55,3.28
03-01-04,Non communicable disease: Cardiovascular disorder: Cerebro vascular disease,221,0.85,0.43,4.08,12.25
01-01-04,Communicable disease: Acute febrile illness: Pneumonia,204,2.54,3.34,5.1,8.5
01-01-00,Communicable disease: Acute febrile illness: Unspecifiable,173,3.81,4.63,4.2,5.89
03-01-01,Non communicable disease: Cardiovascular disorder: Hypertension,163,1.27,0.54,3.06,8.77
00-02-00,Unspecifiable: Specific information missing on VAQ,140,1.69,3.23,3.06,5.49
01-04-01,Communicable disease: TB/AIDS: Pulmonary TB,135,3.39,4.84,5.1,2.81
03-03-02,Non communicable disease: Gastro intestinal disorder: Liver cirrhosis,117,2.12,4.31,3.95,2.74
03-01-02,Non communicable disease: Cardiovascular disorder: Congestive heart disease,100,1.27,0.65,1.66,5.22
03-01-03,Non communicable disease: Cardiovascular disorder: Ischaemic heart disease,93,0.0,0.65,2.29,4.62
01-01-01,Communicable disease: Acute febrile illness: Malaria,92,7.2,1.94,1.78,2.88
03-05-01,Non communicable disease: Endocrine disorders: Diabetes,91,1.69,1.29,2.68,3.61
01-01-02,Communicable disease: Acute febrile illness: Menigitis,70,4.66,3.23,1.78,1.0
03-06-99,Non communicable disease: Neoplasm: Other specific unlisted,69,2.97,0.65,2.29,2.54
03-07-01,Non communicable disease: Genito urinary disorders: Kidney disorder,66,1.27,0.75,1.91,2.74
03-04-02,Non communicable disease: Central nervous system disorder: Epilepsy,61,7.2,2.8,1.4,0.47
01-01-05,Communicable disease: Acute febrile illness: Diarrhoea with fever,56,0.85,1.4,1.27,2.07
03-06-04,Non communicable disease: Neoplasm: Gastro intestinal tract including abdominal but excluding liver,55,1.27,1.29,1.27,2.01
03-03-03,Non communicable disease: Gastro intestinal disorder: Acute abdomen including obstruction,55,1.27,1.4,1.66,1.74
04-01-00,External cause: Transport,52,5.51,2.48,1.27,0.4
01-05-00,Communicable disease: Diarrhoeal disease without fever,47,0.0,0.75,1.91,1.67
03-06-02,Non communicable disease: Neoplasm: Cervix/uterus,45,0.0,0.75,2.55,1.2
04-08-00,External cause: Hanging,39,5.08,1.94,0.64,0.27
03-02-02,Non communicable disease: Respiratory disorder: Asthma,38,2.54,0.32,1.66,1.07
04-99-00,External cause: Other specific unlisted,36,3.39,1.83,0.51,0.47
04-06-00,External cause: Use of weapon,36,1.69,1.08,1.66,0.6
03-03-01,Non communicable disease: Gastro intestinal disorder: Peptic ulcer disease,32,0.0,1.4,0.51,1.0
04-05-00,External cause: Poisoning/exposure to noxious substance,28,2.12,1.61,0.89,0.07
03-08-00,Non communicable disease: Anaemia: Unspecifiable,28,0.42,0.22,0.64,1.34
00-03-00,Unspecifiable: No significant pathology that would explain the death,28,0.0,0.22,0.0,1.74
03-06-00,Non communicable disease: Neoplasm: Unspecifiable,26,0.42,0.32,0.51,1.2
04-00-00,External cause: Unspecifiable,22,1.27,0.97,0.76,0.27
01-01-99,Communicable disease: Acute febrile illness: Other specific unlisted,21,1.27,0.54,0.51,0.6
01-01-06,Communicable disease: Acute febrile illness: Sepsis,21,0.85,0.32,0.76,0.67
03-06-07,Non communicable disease: Neoplasm: Oesophagus,21,0.0,0.32,0.76,0.8
03-04-99,Non communicable disease: Central nervous system disorder: Other specific unlisted,20,0.0,0.0,0.25,1.2
03-02-01,Non communicable disease: Respiratory disorder: Chronic obstructive pulmonary disease,18,0.0,0.11,0.64,0.8
03-09-01,Non communicable disease: Nutritional disorder: Malnutrition,17,0.0,0.11,0.38,0.87
02-99-00,Direct maternal cause: Other specific unlisted,16,2.54,1.08,0.0,0.0
04-03-00,External cause: Drowning/submersion,15,2.12,0.65,0.38,0.07
03-01-99,Non communicable disease: Cardiovascular disorder: Other specific unlisted,14,0.85,0.11,0.38,0.54
03-07-99,Non communicable disease: Genito urinary disorders: Other specific unlisted,13,0.0,0.0,0.13,0.8
03-06-01,Non communicable disease: Neoplasm: Breast,13,0.0,0.22,0.64,0.4
03-01-00,Non communicable disease: Cardiovascular disorder: Unspecifiable,12,0.0,0.43,0.38,0.33
03-03-00,Non communicable disease: Gastro intestinal disorder: Unspecifiable,12,0.0,0.32,0.13,0.54
03-03-99,Non communicable disease: Gastro intestinal disorder: Other specific unlisted,12,1.27,0.11,0.25,0.4
02-03-00,Direct maternal cause: Ante postpartum haemorrhage,10,1.27,0.65,0.13,0.0
03-02-00,Non communicable disease: Respiratory disorder: Unspecifiable,10,0.0,0.11,0.25,0.47
03-99-00,Non communicable disease: Other specific unlisted,9,0.85,0.54,0.13,0.07
04-02-00,External cause: Fall,9,0.0,0.11,0.0,0.54
01-04-03,Communicable disease: TB/AIDS: Extrapulmonary TB,8,0.0,0.22,0.64,0.07
03-06-03,Non communicable disease: Neoplasm: Liver,8,0.42,0.22,0.38,0.13
03-06-05,Non communicable disease: Neoplasm: Lung,8,0.0,0.11,0.25,0.33
02-02-00,Direct maternal cause: Eclampsia,7,1.69,0.32,0.0,0.0
02-05-00,Direct maternal cause: Puerperal sepsis,6,1.27,0.32,0.0,0.0
01-03-00,Communicable disease: Hepatitis,6,1.27,0.32,0.0,0.0
02-00-00,Direct maternal cause: Unspecifiable,5,0.85,0.32,0.0,0.0
01-99-00,Communicable disease: Other specific unlisted,4,0.0,0.11,0.13,0.13
00-04-00,"Unspecifiable: Multiple significant pathology, single COD can't be isolated",4,0.0,0.32,0.0,0.07
00-01-00,Unspecifiable: No information (VAQ not available),3,0.0,0.11,0.25,0.0
04-07-00,External cause: Contact with venomous animals and plants,3,0.42,0.0,0.25,0.0
01-04-00,Communicable disease: TB/AIDS: Unspecifiable,3,0.0,0.22,0.13,0.0
02-01-00,Direct maternal cause: Abortion,2,0.0,0.11,0.13,0.0
03-07-00,Non communicable disease: Genito urinary disorders: Unspecifiable,2,0.0,0.0,0.0,0.13
01-06-00,Communicable disease: Tetanus (exc. neonatal tetanus),1,0.0,0.11,0.0,0.0
02-06-00,Direct maternal cause: Anaemia in pregnancy,1,0.0,0.11,0.0,0.0
03-05-00,Non communicable disease: Endocrine disorders: Unspecifiable,1,0.0,0.11,0.0,0.0
03-06-06,Non communicable disease: Neoplasm: Oral,1,0.0,0.0,0.0,0.07
03-04-00,Non communicable disease: Central nervous system disorder: Unspecifiable,1,0.42,0.0,0.0,0.0
03-04-01,Non communicable disease: Central nervous system disorder: Mental/behavioural disorder,1,0.42,0.0,0.0,0.0
03-08-99,Non communicable disease: Anaemia: Other specific unlisted,1,0.0,0.0,0.13,0.0
