"relative_path","size_bytes","last_write_time"
".gitignore","183","18/08/2026 07:39:37"
"agreement\charts\figure_agreement_metrics_heatmap_level2.svg","18384","15/07/2026 10:29:00"
"agreement\charts\figure_exp1_vs_phy_confusion_bubble_underlying_level2.svg","20685","15/07/2026 10:29:00"
"agreement\charts\figure_exp2_vs_phy_confusion_bubble_underlying_level2.svg","21961","15/07/2026 10:29:00"
"agreement\charts\figure_exp3_vs_phy_confusion_bubble_underlying_level2.svg","12766","15/07/2026 10:29:00"
"agreement\charts\figure_exp4_vs_phy_confusion_bubble_underlying_level2.svg","14195","15/07/2026 10:29:00"
"agreement\charts\figure_flexible_any_code_agreement_by_level_adult.svg","5560","08/08/2026 05:03:59"
"agreement\charts\figure_flexible_any_code_agreement_by_level_child.svg","5704","08/08/2026 05:03:59"
"agreement\charts\figure_flexible_any_code_agreement_by_level_exp1_overall.svg","3609","12/07/2026 08:21:58"
"agreement\charts\figure_flexible_any_code_agreement_by_level_exp2_overall.svg","3600","12/07/2026 08:21:58"
"agreement\charts\figure_flexible_any_code_agreement_by_level_exp3_overall.svg","3603","12/07/2026 08:21:58"
"agreement\charts\figure_flexible_any_code_agreement_by_level_exp4_overall.svg","3609","12/07/2026 08:21:58"
"agreement\charts\figure_flexible_any_code_agreement_by_level_infant.svg","5859","08/08/2026 05:03:59"
"agreement\charts\figure_flexible_any_code_agreement_by_level_overall.svg","5564","08/08/2026 05:03:59"
"agreement\code\analysis_llm_phy_agreement.py","45141","10/07/2026 13:29:57"
"agreement\code\calculate_ci_and_tests.py","10099","10/07/2026 16:03:57"
"agreement\code\create_comparison_visualizations.py","14385","15/07/2026 10:24:39"
"agreement\code\create_flexible_agreement_line_charts.py","8133","12/07/2026 08:21:03"
"agreement\excel\agreement_report.md","17895","10/07/2026 13:30:43"
"agreement\excel\agreement_stratified.csv","12215","10/07/2026 13:30:43"
"agreement\excel\agreement_summary.csv","3157","10/07/2026 13:30:43"
"agreement\excel\ci_bootstrap_key_metrics_1000resamples.csv","4697","10/07/2026 16:10:57"
"agreement\excel\confusion_pairs_by_level.csv","1338729","10/07/2026 13:30:43"
"agreement\excel\flexible_any_type_false_positive_false_negative_frequency_by_level.csv","283997","10/07/2026 13:30:43"
"agreement\excel\flexible_any_type_overlap_metrics_by_level.csv","6361","10/07/2026 09:13:35"
"agreement\excel\metrics_kappa_precision_recall_f1_by_level.csv","23470","10/07/2026 09:13:35"
"agreement\excel\per_class_metrics_by_level.csv","435717","10/07/2026 13:30:43"
"agreement\excel\statistical_tests_paired_comparisons_1000resamples.csv","9336","10/07/2026 16:10:57"
"agreement\excel\summary_accuracy_related_measures_all_experiments.csv","1126","12/07/2026 08:53:49"
"agreement\excel\underlying_agreement_all_experiments_by_level.csv","2316","13/07/2026 05:33:14"
"csmf\charts\figure_csmf_accuracy_by_va_type_age_level1.svg","11767","12/07/2026 10:13:02"
"csmf\charts\figure_csmf_accuracy_by_va_type_age_level2.svg","11801","12/07/2026 10:13:02"
"csmf\charts\figure_csmf_accuracy_by_va_type_age_level3.svg","11821","12/07/2026 10:13:02"
"csmf\charts\figure_csmf_accuracy_by_va_type_age_sex_level1.svg","21564","12/07/2026 10:13:02"
"csmf\charts\figure_csmf_accuracy_by_va_type_age_sex_level2.svg","21625","12/07/2026 10:13:02"
"csmf\charts\figure_csmf_accuracy_by_va_type_age_sex_level3.svg","21659","12/07/2026 10:13:02"
"csmf\charts\figure_csmf_accuracy_by_va_type_sex_level1.svg","7495","12/07/2026 10:13:02"
"csmf\charts\figure_csmf_accuracy_by_va_type_sex_level2.svg","7507","12/07/2026 10:13:02"
"csmf\charts\figure_csmf_accuracy_by_va_type_sex_level3.svg","7524","12/07/2026 10:13:02"
"csmf\charts\figure_csmf_accuracy_dot_plot.svg","18576","15/07/2026 10:29:00"
"csmf\charts\figure_level2_csmf_observed_vs_mc_physician_prior.svg","7924","07/08/2026 07:43:02"
"csmf\charts\figure_level2_pccc_observed_accuracy_vs_chance_baseline.svg","13967","07/08/2026 08:25:32"
"csmf\charts\figure_monte_carlo_csmf_level1_overall_nulls.svg","6938","12/07/2026 11:56:53"
"csmf\charts\figure_monte_carlo_csmf_level1_physician_prior.svg","11989","12/07/2026 11:56:53"
"csmf\charts\figure_monte_carlo_csmf_level2_overall_nulls.svg","6948","12/07/2026 11:56:53"
"csmf\charts\figure_monte_carlo_csmf_level2_physician_prior.svg","12161","12/07/2026 11:56:53"
"csmf\charts\figure_monte_carlo_csmf_level3_overall_nulls.svg","6946","12/07/2026 11:56:53"
"csmf\charts\figure_monte_carlo_csmf_level3_physician_prior.svg","12165","12/07/2026 11:56:53"
"csmf\charts\figure_pccc_underlying_panel_by_level_vatype.svg","13967","07/08/2026 08:25:32"
"csmf\charts\figure_pccc_underlying_panel_by_vatype_level.svg","15846","07/08/2026 08:53:45"
"csmf\charts\figure_pccc_underlying_panel_vatype_xlevel.svg","15846","07/08/2026 08:53:45"
"csmf\charts\figure_underlying_pccc_by_age_level_experiment.svg","23854","14/07/2026 07:12:47"
"csmf\charts\figure_underlying_pccc_by_level_vatype.svg","17907","14/07/2026 07:18:08"
"csmf\code\calculate_csmf_accuracy.py","12047","12/07/2026 10:12:48"
"csmf\code\calculate_monte_carlo_csmf_baselines.py","6383","12/07/2026 10:51:26"
"csmf\code\create_monte_carlo_csmf_charts.py","8262","12/07/2026 11:56:22"
"csmf\code\create_stratified_csmf_charts.py","5134","11/07/2026 12:17:50"
"csmf\excel\csmf_accuracy_summary_underlying_by_va_type_age_sex.csv","24373","12/07/2026 10:13:51"
"csmf\excel\csmf_accuracy_summary_underlying_by_va_type_age.csv","9109","10/08/2026 09:01:17"
"csmf\excel\csmf_accuracy_summary_underlying_by_va_type_sex.csv","7762","12/07/2026 10:13:49"
"csmf\excel\csmf_accuracy_summary_underlying_by_va_type.csv","4780","12/07/2026 10:13:46"
"csmf\excel\csmf_accuracy_summary_underlying.csv","4749","12/07/2026 10:13:51"
"csmf\excel\monte_carlo_csmf_accuracy_baselines_1000sim.csv","31035","12/07/2026 11:14:30"
"csmf\excel\monte_carlo_csmf_all_levels_discussion_table_1000sim.csv","15659","12/07/2026 11:51:58"
"csmf\excel\monte_carlo_csmf_level2_discussion_table_1000sim.csv","5147","12/07/2026 11:25:30"
"csmf\excel\pccc_underlying_full_numeric_table_overall_vatype.csv","4714","07/08/2026 07:58:19"
"csmf\excel\underlying_pccc_single_prediction_by_level.csv","1098","14/07/2026 06:25:45"
"csmf\excel\underlying_pccc_single_prediction_by_vatype_age.csv","9350","14/07/2026 07:06:11"
"csmf\excel\underlying_pccc_single_prediction_by_vatype.csv","2631","14/07/2026 07:18:08"
"EXP1\charts\exp1_underlying_level1_distribution_stacked_bar_adults.svg","7347","11/07/2026 12:21:41"
"EXP1\charts\exp1_underlying_level1_distribution_stacked_bar_children.svg","7201","11/07/2026 12:21:41"
"EXP1\charts\exp1_underlying_level1_distribution_stacked_bar_infants.svg","4190","11/07/2026 12:21:41"
"EXP1\charts\exp1_underlying_level1_distribution_stacked_bar_overall.svg","11423","11/07/2026 12:21:41"
"EXP1\charts\exp1_underlying_level2_age_group_heatmap_adult.svg","63699","13/07/2026 13:04:17"
"EXP1\charts\exp1_underlying_level2_age_group_heatmap_child.svg","52919","13/07/2026 13:04:17"
"EXP1\charts\exp1_underlying_level2_age_group_heatmap_infant.svg","9607","13/07/2026 13:04:17"
"EXP1\charts\exp1_underlying_level2_age_group_heatmap_overall.svg","139662","13/07/2026 13:04:17"
"EXP1\charts\exp1_underlying_level3_age_group_heatmap_adult.svg","121559","13/07/2026 13:04:17"
"EXP1\charts\exp1_underlying_level3_age_group_heatmap_child.svg","87019","13/07/2026 13:04:18"
"EXP1\charts\exp1_underlying_level3_age_group_heatmap_infant.svg","12933","13/07/2026 13:04:18"
"EXP1\charts\exp1_underlying_level3_age_group_heatmap_overall.svg","252287","13/07/2026 13:04:17"
"EXP1\charts\exp1_vs_physician_underlying_level2_age_group_delta_heatmap_adult.svg","46608","13/07/2026 13:05:19"
"EXP1\charts\exp1_vs_physician_underlying_level2_age_group_delta_heatmap_child.svg","40209","13/07/2026 13:05:20"
"EXP1\charts\exp1_vs_physician_underlying_level2_age_group_delta_heatmap_infant.svg","8422","13/07/2026 13:05:20"
"EXP1\charts\exp1_vs_physician_underlying_level2_age_group_delta_heatmap_overall.svg","98484","13/07/2026 13:04:29"
"EXP1\charts\exp1_vs_physician_underlying_level3_age_group_delta_heatmap_adult.svg","90987","13/07/2026 13:05:20"
"EXP1\charts\exp1_vs_physician_underlying_level3_age_group_delta_heatmap_child.svg","70084","13/07/2026 13:05:20"
"EXP1\charts\exp1_vs_physician_underlying_level3_age_group_delta_heatmap_infant.svg","11663","13/07/2026 13:05:20"
"EXP1\charts\exp1_vs_physician_underlying_level3_age_group_delta_heatmap_overall.svg","181445","11/07/2026 12:21:56"
"EXP1\charts\figure_exp1_true_positive_overlap_heatmap_level1.svg","13102","15/07/2026 09:27:31"
"EXP1\charts\figure_exp1_true_positive_overlap_heatmap_level2_top20_by_vatype_age.svg","71297","15/07/2026 09:43:19"
"EXP1\charts\figure_exp1_true_positive_overlap_heatmap_level2_top20.svg","48419","15/07/2026 09:27:31"
"EXP1\charts\figure_exp1_true_positive_overlap_heatmap_level2.svg","80571","15/07/2026 09:27:31"
"EXP1\charts\figure_exp1_true_positive_overlap_heatmap_level3.svg","141202","15/07/2026 09:27:31"
"EXP1\charts\figure_exp1_true_positive_overlap_level2_top20_by_vatype_age_percent.svg","51291","15/07/2026 09:55:39"
"EXP1\charts\figure_exp1_vs_phy_confusion_bubble_underlying_level2.svg","20685","15/07/2026 10:29:00"
"EXP1\charts\figure_exp1_vs_phy_csmf_difference_bars_level2_overall.svg","7088","15/07/2026 10:29:00"
"EXP1\charts\figure_exp1_vs_physician_underlying_level2_distribution_difference_top10_by_vatype.svg","21313","07/08/2026 10:20:21"
"EXP1\code\create_exp1_tp_level2_age_percent_svg.py","3793","15/07/2026 09:55:27"
"EXP1\code\create_exp1_tp_level2_age_percent_table.py","1817","15/07/2026 09:54:13"
"EXP1\code\create_exp1_true_positive_age_heatmap.py","3752","15/07/2026 09:42:40"
"EXP1\code\create_exp1_true_positive_heatmaps.py","10620","15/07/2026 09:27:13"
"EXP1\code\create_level1_distribution_charts.py","11613","11/07/2026 12:20:51"
"EXP1\code\create_physician_level2_age_heatmap.py","18281","13/07/2026 13:00:56"
"EXP1\code\exp1_narrative_present_sensitivity.py","6911","14/07/2026 09:57:23"
"EXP1\excel\exp1_narrative_present_confusion_cases_by_level.csv","474523","14/07/2026 09:58:10"
"EXP1\excel\exp1_narrative_present_confusion_pairs_by_level.csv","118947","14/07/2026 09:58:10"
"EXP1\excel\exp1_narrative_present_csmf_accuracy_by_level.csv","373","14/07/2026 09:58:10"
"EXP1\excel\exp1_narrative_present_flexible_any_type_overlap_by_level.csv","1295","14/07/2026 09:58:10"
"EXP1\excel\exp1_narrative_present_flexible_fpfn_cases_by_level.csv","1437656","14/07/2026 09:58:10"
"EXP1\excel\exp1_narrative_present_flexible_fpfn_frequency_by_level.csv","47533","14/07/2026 09:58:10"
"EXP1\excel\exp1_narrative_present_flexible_no_overlap_cases_by_level.csv","217273","14/07/2026 09:58:10"
"EXP1\excel\exp1_narrative_present_jaccard_by_level.csv","487","14/07/2026 09:58:10"
"EXP1\excel\exp1_narrative_present_metrics_by_level.csv","3180","14/07/2026 09:58:10"
"EXP1\excel\exp1_narrative_present_pccc_by_level.csv","263","14/07/2026 09:58:10"
"EXP1\excel\exp1_narrative_present_per_class_metrics_by_level.csv","48393","14/07/2026 09:58:10"
"EXP1\excel\exp1_narrative_present_vs_full_underlying_summary.csv","552","14/07/2026 09:58:49"
"EXP1\excel\exp1_true_positive_overlap_level2_top20_by_vatype_age_percent_table.csv","1810","15/07/2026 09:54:28"
"EXP1\excel\exp1_true_positive_overlap_level2_top20_by_vatype_age_table.csv","2255","15/07/2026 09:38:00"
"EXP1\excel\exp1_true_positive_overlap_level2_top20_table.csv","1760","15/07/2026 09:37:04"
"EXP1\excel\exp1_true_positive_overlap_summary_by_level_va_type_sex.csv","27555","15/07/2026 09:27:31"
"EXP1\excel\exp1_underlying_distribution_level1_by_vatype_all_exp1_underlying_records.csv","510","10/08/2026 05:37:47"
"EXP1\excel\exp1_underlying_distribution_level1_by_vatype_phy_underlying_records.csv","508","10/08/2026 05:37:47"
"EXP1\excel\exp1_underlying_distribution_level1_level2_by_vatype_all_exp1_underlying_records.csv","5193","10/08/2026 05:37:47"
"EXP1\excel\exp1_underlying_distribution_level1_level2_by_vatype_phy_underlying_records_no_decimals.csv","4477","10/08/2026 08:23:31"
"EXP1\excel\exp1_underlying_distribution_level1_level2_by_vatype_phy_underlying_records.csv","4885","10/08/2026 09:00:38"
"EXP1\excel\exp1_underlying_distribution_level2_by_vatype_all_exp1_underlying_records.csv","4737","10/08/2026 05:37:47"
"EXP1\excel\exp1_underlying_distribution_level2_by_vatype_phy_underlying_records.csv","4431","10/08/2026 05:37:47"
"EXP1\excel\exp1_underlying_level1_distribution_counts_adults.csv","233","11/07/2026 12:21:41"
"EXP1\excel\exp1_underlying_level1_distribution_counts_children.csv","203","11/07/2026 12:21:41"
"EXP1\excel\exp1_underlying_level1_distribution_counts_infants.csv","154","11/07/2026 12:21:41"
"EXP1\excel\exp1_underlying_level1_distribution_counts_overall.csv","322","11/07/2026 12:21:41"
"EXP1\excel\exp1_underlying_level1_distribution_percent_adults.csv","284","11/07/2026 12:21:41"
"EXP1\excel\exp1_underlying_level1_distribution_percent_children.csv","267","11/07/2026 12:21:41"
"EXP1\excel\exp1_underlying_level1_distribution_percent_infants.csv","168","11/07/2026 12:21:41"
"EXP1\excel\exp1_underlying_level1_distribution_percent_overall.csv","429","11/07/2026 12:21:41"
"EXP1\excel\exp1_underlying_level2_age_group_counts_adult.csv","1754","13/07/2026 13:04:17"
"EXP1\excel\exp1_underlying_level2_age_group_counts_child.csv","1405","13/07/2026 13:04:17"
"EXP1\excel\exp1_underlying_level2_age_group_counts_infant.csv","636","13/07/2026 13:04:17"
"EXP1\excel\exp1_underlying_level2_age_group_counts_overall.csv","2467","13/07/2026 13:04:17"
"EXP1\excel\exp1_underlying_level2_age_group_percent_within_age_adult.csv","2144","13/07/2026 13:04:17"
"EXP1\excel\exp1_underlying_level2_age_group_percent_within_age_child.csv","1749","13/07/2026 13:04:17"
"EXP1\excel\exp1_underlying_level2_age_group_percent_within_age_infant.csv","678","13/07/2026 13:04:17"
"EXP1\excel\exp1_underlying_level2_age_group_percent_within_age_overall.csv","3365","13/07/2026 13:04:17"
"EXP1\excel\exp1_underlying_level3_age_group_counts_adult.csv","5972","13/07/2026 13:04:17"
"EXP1\excel\exp1_underlying_level3_age_group_counts_child.csv","4198","13/07/2026 13:04:18"
"EXP1\excel\exp1_underlying_level3_age_group_counts_infant.csv","1540","13/07/2026 13:04:18"
"EXP1\excel\exp1_underlying_level3_age_group_counts_overall.csv","7357","13/07/2026 13:04:17"
"EXP1\excel\exp1_underlying_level3_age_group_percent_within_age_adult.csv","6726","13/07/2026 13:04:17"
"EXP1\excel\exp1_underlying_level3_age_group_percent_within_age_child.csv","4746","13/07/2026 13:04:18"
"EXP1\excel\exp1_underlying_level3_age_group_percent_within_age_infant.csv","1598","13/07/2026 13:04:18"
"EXP1\excel\exp1_underlying_level3_age_group_percent_within_age_overall.csv","8977","13/07/2026 13:04:17"
"EXP1\excel\exp1_vs_physician_underlying_level2_age_group_percent_point_delta_adult.csv","1207","13/07/2026 13:05:19"
"EXP1\excel\exp1_vs_physician_underlying_level2_age_group_percent_point_delta_child.csv","1021","13/07/2026 13:05:20"
"EXP1\excel\exp1_vs_physician_underlying_level2_age_group_percent_point_delta_infant.csv","249","13/07/2026 13:05:20"
"EXP1\excel\exp1_vs_physician_underlying_level2_age_group_percent_point_delta_overall.csv","2332","13/07/2026 13:04:29"
"EXP1\excel\exp1_vs_physician_underlying_level2_distribution_difference_top10_by_vatype_age.csv","10323","07/08/2026 10:47:55"
"EXP1\excel\exp1_vs_physician_underlying_level2_distribution_difference_top10_by_vatype.csv","3422","07/08/2026 10:18:06"
"EXP1\excel\exp1_vs_physician_underlying_level3_age_group_percent_point_delta_adult.csv","2522","13/07/2026 13:05:20"
"EXP1\excel\exp1_vs_physician_underlying_level3_age_group_percent_point_delta_child.csv","1887","13/07/2026 13:05:20"
"EXP1\excel\exp1_vs_physician_underlying_level3_age_group_percent_point_delta_infant.csv","397","13/07/2026 13:05:20"
"EXP1\excel\exp1_vs_physician_underlying_level3_age_group_percent_point_delta_overall.csv","4450","13/07/2026 13:04:30"
"EXP2\charts\exp2_underlying_level1_distribution_stacked_bar_adults.svg","7324","11/07/2026 12:21:43"
"EXP2\charts\exp2_underlying_level1_distribution_stacked_bar_children.svg","7147","11/07/2026 12:21:43"
"EXP2\charts\exp2_underlying_level1_distribution_stacked_bar_infants.svg","4330","11/07/2026 12:21:43"
"EXP2\charts\exp2_underlying_level1_distribution_stacked_bar_overall.svg","11608","11/07/2026 12:21:43"
"EXP2\charts\exp2_underlying_level2_age_group_heatmap_adult.svg","60639","13/07/2026 13:04:21"
"EXP2\charts\exp2_underlying_level2_age_group_heatmap_child.svg","51441","13/07/2026 13:04:21"
"EXP2\charts\exp2_underlying_level2_age_group_heatmap_infant.svg","13699","13/07/2026 13:04:21"
"EXP2\charts\exp2_underlying_level2_age_group_heatmap_overall.svg","148279","13/07/2026 13:04:21"
"EXP2\charts\exp2_underlying_level3_age_group_heatmap_adult.svg","120045","13/07/2026 13:04:21"
"EXP2\charts\exp2_underlying_level3_age_group_heatmap_child.svg","87076","13/07/2026 13:04:22"
"EXP2\charts\exp2_underlying_level3_age_group_heatmap_infant.svg","16681","13/07/2026 13:04:22"
"EXP2\charts\exp2_underlying_level3_age_group_heatmap_overall.svg","261014","13/07/2026 13:04:21"
"EXP2\charts\exp2_vs_physician_underlying_level2_age_group_delta_heatmap_adult.svg","44496","13/07/2026 13:05:20"
"EXP2\charts\exp2_vs_physician_underlying_level2_age_group_delta_heatmap_child.svg","40258","13/07/2026 13:05:20"
"EXP2\charts\exp2_vs_physician_underlying_level2_age_group_delta_heatmap_infant.svg","11990","13/07/2026 13:05:20"
"EXP2\charts\exp2_vs_physician_underlying_level2_age_group_delta_heatmap_overall.svg","100422","11/07/2026 12:21:57"
"EXP2\charts\exp2_vs_physician_underlying_level3_age_group_delta_heatmap_adult.svg","88827","13/07/2026 13:05:20"
"EXP2\charts\exp2_vs_physician_underlying_level3_age_group_delta_heatmap_child.svg","68999","13/07/2026 13:05:20"
"EXP2\charts\exp2_vs_physician_underlying_level3_age_group_delta_heatmap_infant.svg","15038","13/07/2026 13:05:20"
"EXP2\charts\exp2_vs_physician_underlying_level3_age_group_delta_heatmap_overall.svg","181425","11/07/2026 12:21:57"
"EXP2\charts\figure_exp2_vs_phy_confusion_bubble_underlying_level2.svg","21961","15/07/2026 10:29:00"
"EXP2\charts\figure_exp2_vs_phy_csmf_difference_bars_level2_overall.svg","7184","15/07/2026 10:29:00"
"EXP2\code\create_level1_distribution_charts.py","11613","11/07/2026 12:20:51"
"EXP2\code\create_physician_level2_age_heatmap.py","18281","13/07/2026 13:00:56"
"EXP2\excel\exp2_underlying_level1_distribution_counts_adults.csv","198","11/07/2026 12:21:43"
"EXP2\excel\exp2_underlying_level1_distribution_counts_children.csv","201","11/07/2026 12:21:43"
"EXP2\excel\exp2_underlying_level1_distribution_counts_infants.csv","156","11/07/2026 12:21:43"
"EXP2\excel\exp2_underlying_level1_distribution_counts_overall.csv","321","11/07/2026 12:21:43"
"EXP2\excel\exp2_underlying_level1_distribution_percent_adults.csv","244","11/07/2026 12:21:43"
"EXP2\excel\exp2_underlying_level1_distribution_percent_children.csv","267","11/07/2026 12:21:43"
"EXP2\excel\exp2_underlying_level1_distribution_percent_infants.csv","170","11/07/2026 12:21:43"
"EXP2\excel\exp2_underlying_level1_distribution_percent_overall.csv","433","11/07/2026 12:21:43"
"EXP2\excel\exp2_underlying_level2_age_group_counts_adult.csv","1681","13/07/2026 13:04:21"
"EXP2\excel\exp2_underlying_level2_age_group_counts_child.csv","1414","13/07/2026 13:04:21"
"EXP2\excel\exp2_underlying_level2_age_group_counts_infant.csv","838","13/07/2026 13:04:21"
"EXP2\excel\exp2_underlying_level2_age_group_counts_overall.csv","2580","13/07/2026 13:04:21"
"EXP2\excel\exp2_underlying_level2_age_group_percent_within_age_adult.csv","2045","13/07/2026 13:04:21"
"EXP2\excel\exp2_underlying_level2_age_group_percent_within_age_child.csv","1750","13/07/2026 13:04:21"
"EXP2\excel\exp2_underlying_level2_age_group_percent_within_age_infant.csv","907","13/07/2026 13:04:21"
"EXP2\excel\exp2_underlying_level2_age_group_percent_within_age_overall.csv","3523","13/07/2026 13:04:21"
"EXP2\excel\exp2_underlying_level3_age_group_counts_adult.csv","5947","13/07/2026 13:04:21"
"EXP2\excel\exp2_underlying_level3_age_group_counts_child.csv","4248","13/07/2026 13:04:22"
"EXP2\excel\exp2_underlying_level3_age_group_counts_infant.csv","1866","13/07/2026 13:04:22"
"EXP2\excel\exp2_underlying_level3_age_group_counts_overall.csv","7576","13/07/2026 13:04:21"
"EXP2\excel\exp2_underlying_level3_age_group_percent_within_age_adult.csv","6681","13/07/2026 13:04:21"
"EXP2\excel\exp2_underlying_level3_age_group_percent_within_age_child.csv","4798","13/07/2026 13:04:22"
"EXP2\excel\exp2_underlying_level3_age_group_percent_within_age_infant.csv","1945","13/07/2026 13:04:22"
"EXP2\excel\exp2_underlying_level3_age_group_percent_within_age_overall.csv","9236","13/07/2026 13:04:21"
"EXP2\excel\exp2_vs_physician_underlying_level2_age_group_percent_point_delta_adult.csv","1165","13/07/2026 13:05:20"
"EXP2\excel\exp2_vs_physician_underlying_level2_age_group_percent_point_delta_child.csv","1020","13/07/2026 13:05:20"
"EXP2\excel\exp2_vs_physician_underlying_level2_age_group_percent_point_delta_infant.csv","357","13/07/2026 13:05:20"
"EXP2\excel\exp2_vs_physician_underlying_level2_age_group_percent_point_delta_overall.csv","2347","11/07/2026 12:21:57"
"EXP2\excel\exp2_vs_physician_underlying_level3_age_group_percent_point_delta_adult.csv","2480","13/07/2026 13:05:20"
"EXP2\excel\exp2_vs_physician_underlying_level3_age_group_percent_point_delta_child.csv","1865","13/07/2026 13:05:20"
"EXP2\excel\exp2_vs_physician_underlying_level3_age_group_percent_point_delta_infant.csv","516","13/07/2026 13:05:20"
"EXP2\excel\exp2_vs_physician_underlying_level3_age_group_percent_point_delta_overall.csv","4416","11/07/2026 12:21:57"
"EXP3\charts\exp3_underlying_level1_distribution_stacked_bar_adults.svg","7457","11/07/2026 12:21:44"
"EXP3\charts\exp3_underlying_level1_distribution_stacked_bar_children.svg","7310","11/07/2026 12:21:44"
"EXP3\charts\exp3_underlying_level1_distribution_stacked_bar_infants.svg","4043","11/07/2026 12:21:44"
"EXP3\charts\exp3_underlying_level1_distribution_stacked_bar_overall.svg","11491","11/07/2026 12:21:44"
"EXP3\charts\exp3_underlying_level2_age_group_heatmap_adult.svg","65214","13/07/2026 13:04:25"
"EXP3\charts\exp3_underlying_level2_age_group_heatmap_child.svg","52967","13/07/2026 13:04:25"
"EXP3\charts\exp3_underlying_level2_age_group_heatmap_infant.svg","12167","13/07/2026 13:04:25"
"EXP3\charts\exp3_underlying_level2_age_group_heatmap_overall.svg","139637","13/07/2026 13:04:25"
"EXP3\charts\exp3_underlying_level3_age_group_heatmap_adult.svg","123128","13/07/2026 13:04:25"
"EXP3\charts\exp3_underlying_level3_age_group_heatmap_child.svg","93419","13/07/2026 13:04:25"
"EXP3\charts\exp3_underlying_level3_age_group_heatmap_infant.svg","15643","13/07/2026 13:04:25"
"EXP3\charts\exp3_underlying_level3_age_group_heatmap_overall.svg","255224","13/07/2026 13:04:25"
"EXP3\charts\exp3_vs_physician_underlying_level2_age_group_delta_heatmap_adult.svg","47655","13/07/2026 13:05:20"
"EXP3\charts\exp3_vs_physician_underlying_level2_age_group_delta_heatmap_child.svg","41316","13/07/2026 13:05:21"
"EXP3\charts\exp3_vs_physician_underlying_level2_age_group_delta_heatmap_infant.svg","9993","13/07/2026 13:05:21"
"EXP3\charts\exp3_vs_physician_underlying_level2_age_group_delta_heatmap_overall.svg","98464","11/07/2026 12:21:58"
"EXP3\charts\exp3_vs_physician_underlying_level3_age_group_delta_heatmap_adult.svg","92071","13/07/2026 13:05:21"
"EXP3\charts\exp3_vs_physician_underlying_level3_age_group_delta_heatmap_child.svg","74591","13/07/2026 13:05:21"
"EXP3\charts\exp3_vs_physician_underlying_level3_age_group_delta_heatmap_infant.svg","13352","13/07/2026 13:05:21"
"EXP3\charts\exp3_vs_physician_underlying_level3_age_group_delta_heatmap_overall.svg","179449","11/07/2026 12:21:58"
"EXP3\charts\figure_exp3_vs_phy_confusion_bubble_underlying_level2.svg","12766","15/07/2026 10:29:00"
"EXP3\charts\figure_exp3_vs_phy_csmf_difference_bars_level2_overall.svg","7095","15/07/2026 10:29:00"
"EXP3\code\create_level1_distribution_charts.py","11613","11/07/2026 12:20:51"
"EXP3\code\create_physician_level2_age_heatmap.py","18281","13/07/2026 13:00:56"
"EXP3\excel\exp3_underlying_level1_distribution_counts_adults.csv","232","11/07/2026 12:21:44"
"EXP3\excel\exp3_underlying_level1_distribution_counts_children.csv","202","11/07/2026 12:21:44"
"EXP3\excel\exp3_underlying_level1_distribution_counts_infants.csv","154","11/07/2026 12:21:44"
"EXP3\excel\exp3_underlying_level1_distribution_counts_overall.csv","318","11/07/2026 12:21:44"
"EXP3\excel\exp3_underlying_level1_distribution_percent_adults.csv","286","11/07/2026 12:21:44"
"EXP3\excel\exp3_underlying_level1_distribution_percent_children.csv","266","11/07/2026 12:21:44"
"EXP3\excel\exp3_underlying_level1_distribution_percent_infants.csv","167","11/07/2026 12:21:44"
"EXP3\excel\exp3_underlying_level1_distribution_percent_overall.csv","429","11/07/2026 12:21:44"
"EXP3\excel\exp3_underlying_level2_age_group_counts_adult.csv","1780","13/07/2026 13:04:25"
"EXP3\excel\exp3_underlying_level2_age_group_counts_child.csv","1450","13/07/2026 13:04:25"
"EXP3\excel\exp3_underlying_level2_age_group_counts_infant.csv","771","13/07/2026 13:04:25"
"EXP3\excel\exp3_underlying_level2_age_group_counts_overall.csv","2439","13/07/2026 13:04:25"
"EXP3\excel\exp3_underlying_level2_age_group_percent_within_age_adult.csv","2184","13/07/2026 13:04:25"
"EXP3\excel\exp3_underlying_level2_age_group_percent_within_age_child.csv","1787","13/07/2026 13:04:25"
"EXP3\excel\exp3_underlying_level2_age_group_percent_within_age_infant.csv","817","13/07/2026 13:04:25"
"EXP3\excel\exp3_underlying_level2_age_group_percent_within_age_overall.csv","3341","13/07/2026 13:04:25"
"EXP3\excel\exp3_underlying_level3_age_group_counts_adult.csv","6049","13/07/2026 13:04:25"
"EXP3\excel\exp3_underlying_level3_age_group_counts_child.csv","4631","13/07/2026 13:04:25"
"EXP3\excel\exp3_underlying_level3_age_group_counts_infant.csv","1805","13/07/2026 13:04:25"
"EXP3\excel\exp3_underlying_level3_age_group_counts_overall.csv","7458","13/07/2026 13:04:25"
"EXP3\excel\exp3_underlying_level3_age_group_percent_within_age_adult.csv","6816","13/07/2026 13:04:25"
"EXP3\excel\exp3_underlying_level3_age_group_percent_within_age_child.csv","5199","13/07/2026 13:04:25"
"EXP3\excel\exp3_underlying_level3_age_group_percent_within_age_infant.csv","1861","13/07/2026 13:04:25"
"EXP3\excel\exp3_underlying_level3_age_group_percent_within_age_overall.csv","9096","13/07/2026 13:04:25"
"EXP3\excel\exp3_vs_physician_underlying_level2_age_group_percent_point_delta_adult.csv","1229","13/07/2026 13:05:20"
"EXP3\excel\exp3_vs_physician_underlying_level2_age_group_percent_point_delta_child.csv","1034","13/07/2026 13:05:21"
"EXP3\excel\exp3_vs_physician_underlying_level2_age_group_percent_point_delta_infant.csv","281","13/07/2026 13:05:21"
"EXP3\excel\exp3_vs_physician_underlying_level2_age_group_percent_point_delta_overall.csv","2270","11/07/2026 12:21:57"
"EXP3\excel\exp3_vs_physician_underlying_level3_age_group_percent_point_delta_adult.csv","2541","13/07/2026 13:05:21"
"EXP3\excel\exp3_vs_physician_underlying_level3_age_group_percent_point_delta_child.csv","1985","13/07/2026 13:05:21"
"EXP3\excel\exp3_vs_physician_underlying_level3_age_group_percent_point_delta_infant.csv","435","13/07/2026 13:05:21"
"EXP3\excel\exp3_vs_physician_underlying_level3_age_group_percent_point_delta_overall.csv","4343","11/07/2026 12:21:58"
"EXP4\charts\exp4_underlying_level1_distribution_stacked_bar_adults.svg","7220","11/07/2026 12:21:46"
"EXP4\charts\exp4_underlying_level1_distribution_stacked_bar_children.svg","7159","11/07/2026 12:21:46"
"EXP4\charts\exp4_underlying_level1_distribution_stacked_bar_infants.svg","4206","11/07/2026 12:21:46"
"EXP4\charts\exp4_underlying_level1_distribution_stacked_bar_overall.svg","11447","11/07/2026 12:21:46"
"EXP4\charts\exp4_underlying_level2_age_group_heatmap_adult.svg","56065","13/07/2026 13:04:28"
"EXP4\charts\exp4_underlying_level2_age_group_heatmap_child.svg","51384","13/07/2026 13:04:28"
"EXP4\charts\exp4_underlying_level2_age_group_heatmap_infant.svg","13237","13/07/2026 13:04:29"
"EXP4\charts\exp4_underlying_level2_age_group_heatmap_overall.svg","145400","13/07/2026 13:04:28"
"EXP4\charts\exp4_underlying_level3_age_group_heatmap_adult.svg","112225","13/07/2026 13:04:29"
"EXP4\charts\exp4_underlying_level3_age_group_heatmap_child.svg","77562","13/07/2026 13:04:29"
"EXP4\charts\exp4_underlying_level3_age_group_heatmap_infant.svg","16747","13/07/2026 13:04:29"
"EXP4\charts\exp4_underlying_level3_age_group_heatmap_overall.svg","252240","13/07/2026 13:04:29"
"EXP4\charts\exp4_vs_physician_underlying_level2_age_group_delta_heatmap_adult.svg","44489","13/07/2026 13:05:21"
"EXP4\charts\exp4_vs_physician_underlying_level2_age_group_delta_heatmap_child.svg","38088","13/07/2026 13:05:21"
"EXP4\charts\exp4_vs_physician_underlying_level2_age_group_delta_heatmap_infant.svg","11235","13/07/2026 13:05:21"
"EXP4\charts\exp4_vs_physician_underlying_level2_age_group_delta_heatmap_overall.svg","100419","11/07/2026 12:21:58"
"EXP4\charts\exp4_vs_physician_underlying_level3_age_group_delta_heatmap_adult.svg","86598","13/07/2026 13:05:21"
"EXP4\charts\exp4_vs_physician_underlying_level3_age_group_delta_heatmap_child.svg","65660","13/07/2026 13:05:21"
"EXP4\charts\exp4_vs_physician_underlying_level3_age_group_delta_heatmap_infant.svg","14658","13/07/2026 13:05:21"
"EXP4\charts\exp4_vs_physician_underlying_level3_age_group_delta_heatmap_overall.svg","177432","11/07/2026 12:21:58"
"EXP4\charts\figure_exp4_vs_phy_confusion_bubble_underlying_level2.svg","14195","15/07/2026 10:29:00"
"EXP4\charts\figure_exp4_vs_phy_csmf_difference_bars_level2_overall.svg","7194","15/07/2026 10:29:00"
"EXP4\code\create_level1_distribution_charts.py","11613","11/07/2026 12:20:51"
"EXP4\code\create_physician_level2_age_heatmap.py","18281","13/07/2026 13:00:56"
"EXP4\excel\exp4_underlying_level1_distribution_counts_adults.csv","198","11/07/2026 12:21:46"
"EXP4\excel\exp4_underlying_level1_distribution_counts_children.csv","201","11/07/2026 12:21:46"
"EXP4\excel\exp4_underlying_level1_distribution_counts_infants.csv","156","11/07/2026 12:21:46"
"EXP4\excel\exp4_underlying_level1_distribution_counts_overall.csv","320","11/07/2026 12:21:46"
"EXP4\excel\exp4_underlying_level1_distribution_percent_adults.csv","240","11/07/2026 12:21:46"
"EXP4\excel\exp4_underlying_level1_distribution_percent_children.csv","265","11/07/2026 12:21:46"
"EXP4\excel\exp4_underlying_level1_distribution_percent_infants.csv","169","11/07/2026 12:21:46"
"EXP4\excel\exp4_underlying_level1_distribution_percent_overall.csv","427","11/07/2026 12:21:46"
"EXP4\excel\exp4_underlying_level2_age_group_counts_adult.csv","1576","13/07/2026 13:04:28"
"EXP4\excel\exp4_underlying_level2_age_group_counts_child.csv","1359","13/07/2026 13:04:28"
"EXP4\excel\exp4_underlying_level2_age_group_counts_infant.csv","870","13/07/2026 13:04:29"
"EXP4\excel\exp4_underlying_level2_age_group_counts_overall.csv","2534","13/07/2026 13:04:28"
"EXP4\excel\exp4_underlying_level2_age_group_percent_within_age_adult.csv","1921","13/07/2026 13:04:28"
"EXP4\excel\exp4_underlying_level2_age_group_percent_within_age_child.csv","1695","13/07/2026 13:04:28"
"EXP4\excel\exp4_underlying_level2_age_group_percent_within_age_infant.csv","933","13/07/2026 13:04:29"
"EXP4\excel\exp4_underlying_level2_age_group_percent_within_age_overall.csv","3457","13/07/2026 13:04:28"
"EXP4\excel\exp4_underlying_level3_age_group_counts_adult.csv","5583","13/07/2026 13:04:29"
"EXP4\excel\exp4_underlying_level3_age_group_counts_child.csv","3684","13/07/2026 13:04:29"
"EXP4\excel\exp4_underlying_level3_age_group_counts_infant.csv","1936","13/07/2026 13:04:29"
"EXP4\excel\exp4_underlying_level3_age_group_counts_overall.csv","7310","13/07/2026 13:04:29"
"EXP4\excel\exp4_underlying_level3_age_group_percent_within_age_adult.csv","6262","13/07/2026 13:04:29"
"EXP4\excel\exp4_underlying_level3_age_group_percent_within_age_child.csv","4174","13/07/2026 13:04:29"
"EXP4\excel\exp4_underlying_level3_age_group_percent_within_age_infant.csv","2012","13/07/2026 13:04:29"
"EXP4\excel\exp4_underlying_level3_age_group_percent_within_age_overall.csv","8888","13/07/2026 13:04:29"
"EXP4\excel\exp4_vs_physician_underlying_level2_age_group_percent_point_delta_adult.csv","1161","13/07/2026 13:05:21"
"EXP4\excel\exp4_vs_physician_underlying_level2_age_group_percent_point_delta_child.csv","978","13/07/2026 13:05:21"
"EXP4\excel\exp4_vs_physician_underlying_level2_age_group_percent_point_delta_infant.csv","331","13/07/2026 13:05:21"
"EXP4\excel\exp4_vs_physician_underlying_level2_age_group_percent_point_delta_overall.csv","2334","11/07/2026 12:21:58"
"EXP4\excel\exp4_vs_physician_underlying_level3_age_group_percent_point_delta_adult.csv","2414","13/07/2026 13:05:21"
"EXP4\excel\exp4_vs_physician_underlying_level3_age_group_percent_point_delta_child.csv","1785","13/07/2026 13:05:21"
"EXP4\excel\exp4_vs_physician_underlying_level3_age_group_percent_point_delta_infant.csv","500","13/07/2026 13:05:21"
"EXP4\excel\exp4_vs_physician_underlying_level3_age_group_percent_point_delta_overall.csv","4302","11/07/2026 12:21:58"
"FILE_MANIFEST.csv","0","19/08/2026 01:52:43"
"index.html","25984","19/08/2026 01:52:21"
"inputs\INPUT_FILES.md","761","18/08/2026 07:23:58"
"jaccard\charts\figure_jaccard_contributory_vs_phy_heatmap.svg","14005","11/07/2026 12:21:38"
"jaccard\charts\figure_jaccard_flexible_pooled_any_type_heatmap.svg","13998","11/07/2026 12:21:38"
"jaccard\charts\figure_jaccard_flexible_pooled_level2_distribution.svg","7380","11/07/2026 12:21:38"
"jaccard\charts\figure_jaccard_level2_pooled_distribution_adult.svg","6907","11/07/2026 12:21:37"
"jaccard\charts\figure_jaccard_level2_pooled_distribution_child.svg","6761","11/07/2026 12:21:37"
"jaccard\charts\figure_jaccard_level2_pooled_distribution_infant.svg","6306","11/07/2026 12:21:37"
"jaccard\code\calculate_jaccard_similarity.py","9444","10/07/2026 15:24:44"
"jaccard\code\create_jaccard_by_vatype_distributions.py","5378","11/07/2026 12:17:45"
"jaccard\code\create_jaccard_charts.py","6593","11/07/2026 12:17:47"
"jaccard\excel\flexible_level2_jaccard_by_vatype_single_table.csv","635","13/07/2026 06:31:25"
"jaccard\excel\jaccard_level2_pooled_distribution_by_vatype.csv","2796","10/08/2026 09:00:56"
"jaccard\excel\jaccard_level2_pooled_summary_by_vatype.csv","592","10/08/2026 09:01:00"
"jaccard\excel\jaccard_similarity_summary.csv","26844","10/07/2026 15:25:48"
"README.md","2742","19/08/2026 01:52:32"
